,AtmosNetFlux,Atmos_rtoaswu,Atmos_rtoalwu,Atmos_rtoaswuc,Atmos_rtoalwuc,ctl_ts_t15_yr111,ctl_ts_t15_yr181,ts_t154,ts_t15,ts_t15_4xCO2,ts_t15_2xCO2,ctl_ts_t15_land_yr111,ctl_ts_t15_land_yr181,ts_t15_land4,ts_t15_land,ts_t15_land_4xCO2,ts_t15_land_2xCO2,ctl_ts_sst_yr111,ctl_ts_sst_yr181,ts_sst4,ts_sst,ts_sst_4xCO2,ts_sst_2xCO2,ctl_ts_ot_yr111,ctl_ts_ot_yr181,ts_ot4,ts_ot,ts_ot_4xCO2,ts_ot_2xCO2,ctl_ts_rtoaswu_yr111,ctl_ts_rtoaswu_yr181,ts_rtoaswu4,ts_rtoaswu,ts_rtoaswu_4xCO2,ts_rtoaswu_2xCO2,ctl_ts_rtoalwu_yr111,ctl_ts_rtoalwu_yr181,ts_rtoalwu4,ts_rtoalwu,ts_rtoalwu_4xCO2,ts_rtoalwu_2xCO2,ctl_NetFlux_yr111,ctl_NetFlux_yr181,NetFlux4,NetFlux,ctl_ClrNetFlux_yr111,ctl_ClrNetFlux_yr181,ClrNetFlux4,ClrNetFlux,ctl_CRF_yr111,ctl_CRF_yr181,CRF4,CRF,ctl_ts_rtoaswuc_yr111,ctl_ts_rtoaswuc_yr181,ts_rtoaswuc4,ts_rtoaswuc,ts_rtoaswuc_4xCO2,ts_rtoaswuc_2xCO2,ctl_ts_rtoalwuc_yr111,ctl_ts_rtoalwuc_yr181,ts_rtoalwuc4,ts_rtoalwuc,ts_rtoalwuc_4xCO2,ts_rtoalwuc_2xCO2,ctl_ts_t50_yr111,ctl_ts_t50_yr181,ts_t504,ts_t50,ts_t50_4xCO2,ts_t50_2xCO2,ctl_ts_rh50_yr111,ctl_ts_rh50_yr181,ts_rh504,ts_rh50,ts_rh50_4xCO2,ts_rh50_2xCO2,ctl_ts_nao_yr111,ctl_ts_nao_yr181,ts_nao4,ts_nao,ts_nao_4xCO2,ts_nao_2xCO2,ctl_ts_cet_yr111,ctl_ts_cet_yr181,ts_cet4,ts_cet,ts_cet_4xCO2,ts_cet_2xCO2,ctl_ts_nino34_yr111,ctl_ts_nino34_yr181,ts_nino344,ts_nino34,ts_nino34_4xCO2,ts_nino34_2xCO2,ctl_ts_ice_extent_yr111,ctl_ts_ice_extent_yr181,ts_ice_extent4,ts_ice_extent,ts_ice_extent_4xCO2,ts_ice_extent_2xCO2,ctl_ts_aice_yr111,ctl_ts_aice_yr181,ts_aice4,ts_aice,ts_aice_4xCO2,ts_aice_2xCO2,ctl_ts_snow_land_yr111,ctl_ts_snow_land_yr181,ts_snow_land4,ts_snow_land,ts_snow_land_4xCO2,ts_snow_land_2xCO2,ctl_ts_nathcstrength_yr111,ctl_ts_nathcstrength_yr181,ts_nathcstrength4,ts_nathcstrength,ts_nathcstrength_4xCO2,ts_nathcstrength_2xCO2,ctl_ts_tppn_land_yr111,ctl_ts_tppn_land_yr181,ts_tppn_land4,ts_tppn_land,ts_tppn_land_4xCO2,ts_tppn_land_2xCO2,ctl_ts_wme_yr111,ctl_ts_wme_yr181,ts_wme4,ts_wme,ts_wme_4xCO2,ts_wme_2xCO2,ctl_ts_mld_yr111,ctl_ts_mld_yr181,ts_mld4,ts_mld,ts_mld_4xCO2,ts_mld_2xCO2,ctl_ts_cloud_yr111,ctl_ts_cloud_yr181,ts_cloud4,ts_cloud,ts_cloud_4xCO2,ts_cloud_2xCO2,F_2xCO2,Fclear_2xCO2,ECS_2xCO2,lambda_2xCO2,lambda_2xCO2_C,F_2xCO2_LW,lambda_2xCO2_LW,F_2xCO2_SW,lambda_2xCO2_SW,F_2xCO2_LWC,lambda_2xCO2_LWC,F_2xCO2_SWC,lambda_2xCO2_SWC,F_4xCO2,Fclear_4xCO2,ECS_4xCO2,lambda_4xCO2,lambda_4xCO2_C,F_4xCO2_LW,lambda_4xCO2_LW,F_4xCO2_SW,lambda_4xCO2_SW,F_4xCO2_LWC,lambda_4xCO2_LWC,F_4xCO2_SWC,lambda_4xCO2_SWC,TCR,TCR4,ErrTCR,ErrTCR4,ctlGM,ErrCtlGM
Standard,1.0799882411956787,100.58963012695312,238.80096435546875,52.97187042236328,259.8629150390625,286.3331398943849,286.34610249392375,4.740842369861281,2.092949680789464,6.134973814579806,3.0451344008616092,279.92981460321187,279.96032063838845,7.0174804350425815,3.0454354712161686,8.786018529381987,4.195946833361746,17.765968992696628,17.777303775526544,2.976467406198189,1.3088530985393412,4.01219375874339,2.064173118760602,2.7949340507423526,2.7910226350201386,0.44063957490865946,0.1278364362474174,0.42492968392248465,0.1965265152245014,101.38272351222591,101.40468335297496,-3.5659231297339256,-1.882622767646868,1.2772519591352554,0.14826650873126707,240.1063309513712,240.11763208176762,1.5170769958295902,0.6388366602385386,3.4477070008102433,1.9260370322879672,-0.06925465890955744,-0.10251563005510322,2.048846133904336,1.2437861074083298,,,1.8367504254440092,1.1249826528825246,-28.232940897952016,-28.249985760396665,0.21209570846032627,0.1188034545258052,51.64327323959985,51.64170420893902,-3.0740997768849945,-1.4389302898459446,-4.047855757976088,-2.1846297550847016,261.6128403260452,261.63062546540675,1.2373493514409857,0.31394763696342,3.6609323165125494,1.887410320800789,257.46563028590856,257.4894470864283,5.576508032930942,2.5094689658706435,7.255420469920974,3.5487650710532357,45.786608949809356,45.78276625454589,-1.3496960836978578,-0.6458856216876467,45.96065499847945,-67.52728773772027,-10.735738420512337,-10.42290773613867,-3.283791687164086,-1.9234787108884575,65.66853633166943,52.28348466975614,280.6244562272223,280.69317899425533,5.345774014534281,2.1758485091805073,9.387463951703067,8.9820815223061,25.76770440667467,25.82230848418409,3.319727197803774,1.5484222101732734,8.935879978862335,21.16535567208494,38.75039100773748,38.893304407909525,-14.011093822523856,-5.9754667207587895,-19.276757122754557,-11.08210206330524,22.579228883188012,22.70554517788321,-10.938882001150079,-4.616596128400463,-14.889297087000294,-7.890671410914484,53.83926137120121,53.69541597327336,-8.098094237537582,-3.75203865104061,-18.573170853003734,-24.283636134811076,17.934460512391183,17.87153719808892,-3.2946493409898125,-1.8986746943093409,-9.991344962216711,-17.151707615432603,2.116379621550025,2.1131959363225885,0.05202543553113828,0.023858927355083253,2.0168866364946076,0.49356299748139987,0.0017117880696304547,0.0017159314714358664,4.7339373717124076e-05,4.307163126516171e-05,0.000315701450725363,0.001036327980878951,41.38698312320522,41.416173494204855,-2.5888429104244133,-1.368145677105154,12.03057632289171,10.319512414111642,0.4792182248892865,0.4796462562454037,-0.010538335443862967,-0.007511603225040881,0.002694109052444028,0.05566936748539357,3.931457405654307,3.9810577662160216,3.0451344008616092,1.2910620314630172,1.2905181431381438,2.6050355795381406,1.5262426551458124,1.3264218261161673,-0.2351806236827944,3.79618352616686,1.9243941576845387,0.18487424004916142,-0.6338760145463946,8.026308332430812,7.723647564983806,6.134973814579806,1.3082873008123095,1.2273594884290173,5.152540774371839,1.4058995393272926,2.8737675580589697,-0.09761223851498398,7.477213947472213,1.8272511545337655,0.24643361751159076,-0.599891666104749,2.089568626435251,4.748532058747265,0.02318276102772496,0.08741814725606267,[[286.34942329]],[0.01375798]
StdOpt,0.679770827293396,100.22962951660156,239.5672607421875,52.97956848144531,259.88250732421875,286.1027743605661,286.1172591148718,4.869326797771199,1.958684429644574,5.950490859496203,3.074249894480316,279.6450934878301,279.6758379058586,7.0874621296574105,2.8566805006841594,8.549442955826954,4.426528573057562,17.604667520165133,17.598100142187654,3.0981070247971925,1.2118678289932552,3.861036317919888,1.9912043153963328,2.7618489865847997,2.7438779486876577,0.43676821741636523,0.1292399015012114,0.42522383822241183,0.23283171353802262,101.05707552072568,101.15972729984334,-3.990332456854355,-1.8185746419918571,11.650494904282334,1.0919469194127667,240.50320920891212,240.5378049747099,1.981960342755761,0.5497989886739545,3.841557105223004,2.2573080191278265,-0.1404849249501897,-0.27773246986568567,2.0083721140985933,1.2687756533179024,,,1.6284723496556706,1.2753495092893021,-28.549455830780758,-28.69748283561623,0.3798997644429237,-0.0065738559713987114,51.78250036068454,51.72744782905285,-3.152679936836149,-1.3765543502112974,-4.035007078833359,-2.492054609224248,261.22832853817255,261.27260160988425,1.5242075871804786,0.10120484092199544,3.552098381482222,2.031884125663489,257.03968995105475,257.0183487945428,5.684704252795062,2.355760009898371,6.914089396099809,3.484399988954876,45.54112791627599,45.566287816904016,-1.2151447988005526,-0.6406612284668469,-2.9601923644955592,-2.079738379424966,-10.503222431894073,-10.206232505483344,-3.4532408675629354,-1.7849149976399645,19.066947199287707,26.066969279809836,280.43739335138355,280.7225256292943,5.757562223377436,2.101831577007089,8.444863525625061,8.093515866548017,25.549958067182615,25.40488131995188,3.9266636842517433,1.2568481768125297,8.168821049003823,-97.89767546284403,39.67449801666977,39.28711817785266,-14.662890180278318,-5.742378962465728,-20.783998902646193,-13.430776879008214,23.105059417533464,22.88164591218973,-11.370058423184672,-4.376993019405019,-15.056889658876543,-8.445393032851142,53.613117064449355,53.4418050303704,-8.412258264649894,-3.3898139328753025,-17.822103298654984,-12.654872505437558,18.027363421881553,18.199602582110376,-1.6418743275302852,-2.7088508241455838,-10.398298694373054,-6.333078837752105,2.1322907051087303,2.1506485587292588,0.012169588018085436,0.032781575280056985,1.9682784198763517,1.368628221208539,0.0017110196597580518,0.0017060256818536605,5.177235694166936e-05,3.874544965599782e-05,0.0002715497936275613,0.00021270160728518848,41.62479452974155,41.683984954089404,-2.758585597257002,-1.3688186431681326,3.269160384422588,3.7753437878461464,0.47336283333322454,0.4737091414939965,-0.012983723246075987,-0.007819845983305372,0.004463572628477222,-0.09675583970350121,3.8986755827794446,3.7586393660212742,3.074249894480316,1.2681713317383045,1.2112552731273907,2.884923448960991,1.734303137003225,1.0137521338184534,-0.4661318052649203,3.881065574786845,1.9971513593286156,-0.12242620876557207,-0.7858960862012255,7.940695738927067,7.598997980787112,5.950490859496203,1.3344606229005054,1.217140682050258,5.423236103036143,1.5490254634521408,2.5174596358909236,-0.214564840551635,7.525605744412143,1.869559974609301,0.07339223637496538,-0.6524192925590441,1.9643477967021248,4.859603023424258,0.031588872133400475,0.038747179929945245,[[286.12596232]],[0.06377359]
StdStar,1.1647474765777588,100.56746673583984,238.7444610595703,52.801475524902344,259.58306884765625,286.5614411613165,286.68176321630085,4.874662601879782,2.036519809789345,6.675861717904174,3.317436305324794,280.3042674220764,280.44316220096545,7.165240841806389,2.9822079037748677,9.485370358517775,4.57025936559492,17.728979958679876,17.814601142884296,3.1175281638188337,1.2664780011083927,4.43360849813533,2.2358938029584774,2.8013989957469105,2.800112045685052,0.44508887097082506,0.13086003621268044,0.4473056766698247,0.22208011761040214,101.43729879187326,101.23142920999841,-4.029711979083377,-2.0016285396966293,-11.651430434255667,1.4380492540808425,240.03847236475028,240.29536694413392,2.01312619713743,0.7057098472950946,4.887506513787899,2.623772785438299,-0.055971351935890395,-0.10699634944451696,2.0165857819459463,1.295918692401534,,,1.6926849530850996,1.2157258267335163,-28.72061059776603,-28.658221007231415,0.3239008288608459,0.08019286566801724,51.39783570149092,51.264112035039155,-3.157791563286475,-1.4189203242465156,-4.38987052508996,-2.656080782369718,261.3573248573666,261.60446311186183,1.4651066102013746,0.20319449751299895,4.640977953372612,2.30774555578826,257.5903457107616,257.6976564989719,5.642982770041385,2.4266884605158987,7.661014323407469,3.6422763930669553,47.605295642132155,47.55807777398434,-1.4232498635181121,-0.770370199384997,-2.66272783301921,-2.4490890186220566,-13.788226597567725,-14.089994399085112,-1.5665904650638203,-1.4394891562821182,38.00027233177342,57.47006364603367,281.19452464450956,281.45520595593126,5.103233554132098,2.1024996149654536,8.841694792022716,46.321813239199436,25.675144704867908,25.726712201182664,3.945459427341015,1.4405347757742046,12.058604393401653,19.95932641530548,38.42090481848206,37.39779561754131,-15.257886773529862,-5.865928658487488,-24.726588644273917,-15.260269488629024,22.104480916888175,21.493495704046214,-11.815894772897915,-4.734149023593348,-17.623547167088823,-9.417784947685917,51.67578604949827,51.2226000586465,-9.609318280580812,-4.079215517472956,-18.45899674342752,-25.01500124626805,18.482757476761524,19.452396710962795,-2.985808524786343,-2.0846321674471477,-15.954390906728921,-47.82702221875478,2.152576983310485,2.154802057332964,0.037494012634965226,0.045825463185557705,-0.6334216325776806,-0.8585734610954675,0.0018545513003817608,0.0018655053607507057,4.110096336805453e-05,4.473194059896417e-05,0.0004431912071914452,0.0002651273368510122,41.97602365134279,42.20818003996223,-2.9734806744390303,-1.3353250599624236,5.2417278609246205,7.9890514408052145,0.4829865287542313,0.48185026087879573,-0.01725567357188824,-0.01058207945156341,-0.1634075850308731,-0.10615109802574954,3.6246014925173,3.989926296671629,3.317436305324794,1.0925911333096214,1.2852218235236652,3.054413445977754,1.793214482295907,0.5701880465395471,-0.7006233489862856,3.939654892200408,1.9779706641960846,0.0502714044712211,-0.6927488406724198,7.2705134743350825,7.8182934147800625,6.675861717904174,1.089074906215642,1.2390684106619119,5.739146898451117,1.6053094798995726,1.5313665758839643,-0.5162345736839312,7.645623170438237,1.861950372070538,0.1726702443418238,-0.6228819614086258,2.031974609710359,4.883386587625026,0.03733119865795457,0.03841783166813622,[[286.68135581]],[0.04895272]
Indirect Aerosol,,,,,,288.9871889422846,289.05934698164504,5.451820414731874,2.2307695785776605,7.442718548279741,3.5486061291714717,283.3913016382922,283.4988177504283,8.044214561223631,3.272330903388599,10.708644451356246,5.0352668674172865,19.576190531808134,19.626246238600388,3.6972193907962567,1.4476319457673958,5.210506545540815,2.476767092077457,3.113657868743389,3.2254181133546154,0.4780821359638229,0.1376304702002395,0.531901900270309,0.281009517149152,95.85446874044543,95.76686857666014,-3.7820976242614646,-1.4215952162539562,-10.59199946919212,1.2724853577580613,244.97745276017625,245.02404746803563,1.3282587393670406,0.10030967145917505,4.166108785919414,1.7851042671611146,0.5878783040660143,0.6288837599919852,2.4538388848944233,1.321285544794781,,,1.4781018432068782,1.1350712191407855,-23.864321072125094,-23.758157366391686,0.9757370416875445,0.18621432565399543,50.01532800530304,49.984249007038855,-3.156296152060949,-1.314923381309844,-4.238110348009814,-2.1413230731822956,266.9522724231935,267.0485096712652,1.6781943088540707,0.1798521621690589,5.168645194103741,2.218052589939102,260.4463340255215,260.50569058328125,6.394574419414401,2.6622635852530463,8.83271174776888,4.117180842133865,45.38210896317894,45.407177608104234,-1.324910090066991,-0.5708402162158337,-2.484581535284923,-2.1979046043827153,-12.15597637586795,-11.142958914862186,-2.721727844179621,0.4126964868722678,58.69537636755734,56.19494416893679,283.7072603739512,283.8340158045339,5.950804589679204,2.2802149421334645,9.529063402642905,8.543103637257612,27.842125911190863,27.949918671346452,4.3045244695538045,1.8675630335050788,11.196623908663806,-478.57588371999907,29.316082860456223,29.264025859312103,-22.875805665984743,-6.796229421104892,-33.44173865445233,-12.486691399183853,14.81725073764554,14.727911186440906,-11.63171892640302,-5.0052646218780295,-16.433203052835097,-8.211657723575094,48.720698768083835,48.96634893277482,-12.811841577434425,-3.975683641188777,-23.41626443951247,-18.836240701368833,15.352600427257597,17.738375275076557,-6.654527411074379,-2.8073037377241166,-15.264079402572532,-17.427068963424244,2.253439334254125,2.2662476980412376,-0.001971029563240506,0.004488703273679834,4.8859458853121005,0.431571387329653,0.0017517885346666718,0.0017432009389797872,-1.1390434578708061e-05,1.2521195585442974e-05,0.0003544261718635532,0.00028232817546928085,40.20565629285136,40.108239091164315,-3.5424026446478725,-1.6559661879916816,-39.77509571500048,3.8354017467253803,0.46920884547607855,0.4690886061947742,-0.006386364317661491,-0.0016424010506001876,0.025007391425931558,0.019433409968208363,3.603645794651278,4.059656667106295,3.5486061291714717,1.0155102210491467,1.305385192045018,2.860238217009972,1.3326598671527865,0.743407577641307,-0.31714964610363977,3.860098774953636,1.7948368620030792,0.19955789215265718,-0.4894516699580619,7.368707627514341,8.036678098619902,7.442718548279741,0.990055929122497,1.2319515061674455,6.046429031781036,1.3697797047947164,1.322278595733306,-0.37972377567221943,7.796982056586355,1.7545012680822725,0.23969604203354597,-0.5225497619148267,2.2328411978679714,5.453278211053916,0.020292435442972764,0.07879938194478281,[[289.05799303]],[0.07370259]
Optimised Aerosol,0.043689727783203125,100.40156555175781,240.0314178466797,53.245445251464844,259.4990234375,285.8022894640257,285.8810604701596,4.091049234095776,1.7848966689211851,5.444160654150689,2.5416455355829166,279.28847220257626,279.3646282289305,6.027155066464074,2.600084977615208,7.718632519878693,3.4869963733891387,17.28704941124081,17.337938524728806,2.59310795822951,1.1016716486249925,3.6303718703212446,1.7591873621796263,2.76133016962494,2.7472724324068016,0.37722157808750195,0.11167650099579496,0.36972668936039826,0.17297550131267686,101.09354445484293,101.07319185018758,-3.286286273485029,-1.439469439665093,65.08270007815315,0.39651659113219395,240.44836388774513,240.56681840225696,1.4858146460216974,0.3874553297649213,3.6749914071668073,1.7013520271443743,-0.1221085379004545,-0.22021044775689302,1.8004716274633317,1.0520141099001719,,,2.301968367699936,1.4787711108976673,-29.331167410218526,-29.35063422918511,-0.5014967402366067,-0.42675700099749714,51.897318619124995,51.824273091573055,-2.5914806766934406,-1.2460530882700978,-3.480352351850422,-1.905900079964196,260.3134223132446,260.4651029316864,0.2895123089935039,-0.23271802262757063,2.6838816424268646,1.1199076019479612,256.36063099594054,256.44996357101235,4.902287221933713,2.2140065957080832,6.453646214350366,3.1594126850266564,46.87651631766522,46.86675560063331,-1.2862617107236285,-0.6660262735379787,-2.9190080562187,-3.3435936408930815,-10.062964040585687,-10.524841654269329,-2.384815857178153,-1.1272051442601485,-148.9794894765783,-17.94994141355567,280.19636389677004,280.6953819357882,4.154127619283355,2.1417625847416435,6.982410629051134,4.954529520294123,24.67105128610613,24.663265030483792,3.476035103874448,1.4739331748674802,15.16755404448428,46.30441572076966,38.809554337257815,38.021916624275185,-11.92775596413303,-5.435833269025772,-18.506049507474163,-12.001843407937441,21.640146860037117,21.181110200956926,-8.990954350491082,-4.221514648901418,-12.941504838385946,-7.130522081712845,53.503181428828185,53.810394801901815,-7.1972786026710445,-3.00141099715376,-15.869844496889531,-14.087027023510704,17.28627880624253,18.055521034459087,-2.2904707746124595,-1.6849999662646722,-9.028291104245856,-18.198189401398945,2.2240268165382955,2.234535334035579,-0.01856319939261542,0.02549461986043546,0.7298816523567614,0.8250083341900868,0.0017201659592339146,0.001716222495115648,6.671493172510259e-05,4.0466967841916306e-05,0.0002687207586914783,0.00024962054929155396,42.020883949947724,42.00076482261009,-2.313708768069354,-1.1736322739005844,2.448956269657898,4.013056480111982,0.4709077808745003,0.4713571191878237,-0.012413670469337397,-0.005961162932920923,0.009970381868765817,0.004196011491763733,4.037425825120591,4.244111709486035,2.5416455355829166,1.588508613257365,1.4824946323482582,3.20382269455603,1.9574432618235558,0.833603130564561,-0.368934648566191,4.075516997785538,2.0803306070596435,0.16859471170049586,-0.597835974711386,6.539514394174928,7.896136949781972,5.444160654150689,1.2011979090273774,1.3478527742943114,5.795822239188519,1.7673387183528662,0.7436921549864043,-0.5661408093254898,7.613001696824748,1.9210324480009706,0.2831352529572232,-0.5731796737066596,1.7845960620471413,4.091589724074354,0.026808286174773998,0.0755159741714989,[[285.89095485]],[0.05424002]
Perturb Ice,,,,,,285.2932253960581,285.1621865777485,5.47155655925695,2.1874677971345253,7.306520618740335,3.5419940974451314,279.0943809689098,278.961174991388,7.575707015402715,3.0581601137470416,9.919960859288347,4.549268300632083,17.149748671986284,17.065433610332583,3.413028719413336,1.3209628547502983,4.736934069999047,2.3547718675169547,2.6214939644807562,2.5387398537063426,0.49441971592151435,0.14584459379122194,0.55855402226287,0.2785468967822911,103.42533213573762,103.59033030174496,-5.137560746752111,-2.3094355596774943,-19.3552077417702,3.446564714868334,238.53168013663432,238.3458573081412,2.8114460707409528,0.9008796095264444,5.482149684703446,3.122588421055263,-0.5372124676842392,-0.516387805198408,2.3261146760111586,1.4085559501510496,,,2.2335061922817,1.5207126306879621,-27.836387016056637,-27.87222742050382,0.0926084837294599,-0.11215668053691119,54.41925195667064,54.59094196268979,-4.891749236116317,-2.0679888446874517,-6.4339498980938465,-3.8722087535526417,259.7013732996446,259.47301822669266,2.6582430438346187,0.5472762139994914,5.874695873008624,2.950039122736672,256.7103733375735,256.6136088898665,6.103505955552768,2.5525173652820072,8.240629509279199,3.8513300084154087,45.79002962934803,45.790251734496394,-1.2495997487431056,-0.7114194145709283,14.016832769318137,-2.5527559175346903,-10.038991518706718,-8.141058577372084,-5.56052116650708,-3.059662399970838,208.3944210191292,65.74315491994784,280.2304314687527,279.8002788111979,6.443861315325719,2.1416769153203754,11.7534320216011,10.14085856169527,25.08064911783583,25.080812932711204,3.9419096143429817,1.4707106178669518,8.442111637994868,10.735640051514446,48.80983417141557,49.81162902547917,-21.23498264948105,-8.430739394484162,-29.405500839272598,-19.832400404322186,31.697704074261782,32.442359201855794,-15.883779112523277,-6.0338867662749855,-22.251352755527904,-14.229539629487284,54.27948971694332,54.36563566469299,-8.73396114609512,-3.747292774228119,-18.35902703266757,-45.64408115586217,19.40135609140223,19.456076751346135,-4.740249485602586,-1.7682749357917957,-14.960867851729416,-10.113071428078888,2.1000697899764744,2.0966059835168585,0.03402953117356815,0.04857089367334286,0.7464702891735855,2.7827578058004105,0.0016895031700106871,0.0016895356850046824,5.516039675392906e-05,5.740259271077639e-05,-0.006031171819424199,0.0003099489470628634,41.74353963296277,41.79331400989143,-3.133974471016855,-1.458059526636604,-8.838241594977225,7.6256272945816495,0.48245142099157134,0.48237750646627686,-0.013313532347830241,-0.008900738131920454,0.004609674242804039,0.02001742696412857,3.9723775101711634,3.816025529811845,3.5419940974451314,1.1215087888024633,1.0002546677796016,2.9870852720881103,1.7761860509506202,0.9852922380830529,-0.6546772621481574,3.9001343963595962,2.0004583136331022,-0.08410886654775239,-1.0002036458535013,7.471231591077685,7.416510063380192,7.306520618740335,1.0225430106793767,0.9701871219170243,5.3005353764168035,1.4783432295120469,2.1706962146608837,-0.45580021883266997,7.451107831059847,1.8392673246385247,-0.034597767679654154,-0.8690802027215003,2.190501710268168,5.47011028858332,0.02853805722759275,0.14068208781493619,[[285.15666065]],[0.06185498]
Long Control,0.7938960790634155,99.85443878173828,239.822265625,52.84638977050781,259.7913818359375,287.7843901281976,287.8532596882082,4.7020838723239144,2.0466567113134313,6.697109410648086,3.100107459340883,281.3464633201465,281.41545172899174,6.804263364787079,2.922019709265358,9.437284747657975,4.279752760219751,18.895849152147,18.945786262507617,3.101058236421635,1.3264736391920278,4.579711157315197,2.154778231830369,3.5150905869670166,3.5396038449729357,0.4554228713228205,0.13535630314309235,0.49619490471040073,0.24527420088315768,98.10194792612968,98.07832861436141,-3.8544972609236785,-1.920590535319957,-7.2129983044027455,5.616995816980729,243.2468503508566,243.32888540107626,1.7046160484269954,0.6240771580167912,4.7210902745225045,2.2670007482129684,0.07100152770132295,0.012585789250040391,2.1498812124966826,1.2965133773031652,,,1.797597958160142,1.123693781390643,-27.143810066608797,-27.113744542892114,0.3522832543365402,0.17281959591252236,50.34176706308386,50.30328766498818,-2.780456587339388,-1.2626981983210022,-4.022562923664789,-1.9480586891012235,263.8632211472936,263.9901818075574,0.9828586291792458,0.13900441693035898,4.449894349721822,1.947606992238915,258.1859987055291,258.26229348758915,5.487420207048157,2.4187411289533394,7.681302835684658,3.547814486365856,46.69492973968757,46.65384822123524,-1.517690047909088,-0.7307535162391186,-2.8940190618979753,-2.074886577460766,-10.584933732574981,-10.363946975198914,-1.9366928085207264,0.45629905505792295,128.98963555648325,-67.90859133790069,282.3272002708966,282.4269548104039,5.400739858468163,2.1533593728596907,10.23736206969252,6.377564699142694,26.73333710208667,26.72135389496026,3.2626138451856708,1.3122342542725514,9.181777375042474,8.866554969313292,30.266934742952678,29.814967126290032,-14.387753665354683,-5.58579269854472,-23.30818692781111,-11.222064933723837,16.60381982254111,16.29610635213008,-10.623234448971667,-4.664451140246607,-16.227276789764268,-7.999471393776403,51.026252498054504,51.23231348525894,-8.692448805183114,-3.4400844512318876,-23.736976043982853,-41.296292560938376,17.426965022750245,18.409029211105427,-7.262018529499161,-2.435902070447,-14.764505132513305,-9.458092185713857,2.265526496429202,2.2747063616776186,0.08507876849136765,0.06273837468074608,1.2916330510801775,0.7513492663867607,0.0016415794974249628,0.0016419748918170495,3.2920138794350365e-05,2.0227406877909174e-05,0.0010245962447812916,0.0008658076195156133,40.150089473417665,40.28436275438287,-2.53081198951498,-1.3084219729687065,19.136353469102982,17.85081531503334,0.4678312821064139,0.46805747414711807,-0.014294744807183266,-0.008875335560994554,0.12307554737760852,-0.5464518768731804,4.166756443727108,3.998572839304644,3.100107459340883,1.3440683906528215,1.360873236034062,2.8904525819377827,1.6992664871107435,1.2763038617893265,-0.3551980964579212,3.877135036513985,1.9239121893681674,0.12143780279065805,-0.5630389533341057,7.569041176612834,7.624692984488206,6.697109410648086,1.1301952398415975,1.22769983005856,5.639293931511365,1.552230469791143,1.9297472451014677,-0.42203522994954573,7.562267476699129,1.8043825653776404,0.06242550778907727,-0.5766827353190808,2.0460968657902328,4.704190990217443,0.03168148051945792,0.08113992968502962,[[287.85448546]],[0.04026793]
HadAM3-7#03,0.37835901975631714,100.74075317382812,239.35150146484375,52.84930419921875,260.4732666015625,286.4312097118064,286.5012167408381,4.526507319574378,1.9135205697417585,5.655966925404304,2.8920699184289425,280.04364992578604,280.15233564747695,6.578361946005162,2.7689994901529604,8.071844952761094,3.887384232498482,17.78574706836856,17.820054096108045,2.883414194607501,1.1893747176377563,3.732336494694604,2.0158321033001965,2.824960659711699,2.835267156851122,0.41311725556072687,0.1243987548781647,0.3959534682734614,0.20662549179630468,101.08354267946262,101.01223543771103,-3.296752510373749,-1.6655059908600773,0.6013522367306097,0.2790930557004493,240.32236051685973,240.44764586208703,1.4746401531966198,0.47005376236937196,3.241216640921041,1.9984120551792637,0.01389660836534434,-0.04008149511025933,1.8221123571771278,1.1954522284907054,,,2.1055376781172948,1.3516186692349343,-27.985301681785405,-27.98525259014506,-0.28342532094016626,-0.15616644074422797,51.41124224022993,51.32986479323134,-2.905833942751555,-1.3290409969525234,-3.6430836396743698,-1.9949735887865618,262.00935927430703,262.1447639164216,0.8002962646342615,-0.02257767228240959,2.835964034739062,1.6573364057204354,257.08914866372646,257.1397634190451,5.208852329801082,2.259167534810665,6.620729291799567,3.443847476940428,44.823859426942036,44.83127097554735,-1.3232597354362463,-0.6395912087502185,-4.138097554651871,6.109618727340629,-11.517799905284145,-11.953549408141459,-2.648687647124969,-0.7054531752712285,36.4486379057479,17.903552305185148,281.18634446047264,281.5885504269089,5.2202235446255605,2.1932104642189763,10.73732301786339,7.394917200835887,25.536954791767084,25.472358158302136,3.1538420102324562,1.029070712423463,5.76602465709942,5.313968414192694,37.03988568049513,36.5484682894364,-13.971599789704099,-5.532230108224138,-18.524012050405545,-12.370448227135306,21.43300073525748,21.121512831208456,-11.065411530940297,-4.4727132687286995,-13.791689809270206,-7.9417563897908385,52.37040461393564,52.032187918545056,-8.503327829519646,-3.6331144177270542,-16.55552849512075,-165.64678067668484,16.864406540110412,18.057412437733245,-3.6660807380440232,-1.8635386080163405,-11.180225420029059,-8.255795414834905,2.1347621776138865,2.127471355410908,0.051640366263509076,0.04048161533450007,1.8896212468377522,0.4331925754030193,0.0016968847327880937,0.0016908302131145015,3.588339091922417e-05,3.323573941694075e-05,0.0006170615802987215,0.0002449326981728209,41.57790902490507,41.53717638589715,-2.424144892416809,-1.0443434264491278,3.3430759663894754,1.7135534416686635,0.5177029824011559,0.5179031709643542,-0.01614873238533353,-0.009598846155187465,-0.002810663781752121,0.0258111150719225,4.060829016083222,4.025763603647279,2.8920699184289425,1.404125463982276,1.3432679702117019,2.773938944945381,1.6569920128582014,1.286890071137841,-0.25286654887592536,3.886348476968418,1.9573132450512456,0.13941512667886155,-0.6140452748395439,8.067267711125602,7.69937192381654,5.655966925404304,1.4263286574203105,1.234513608928129,5.215950835301758,1.4968891791929444,2.8513168758238487,-0.0705605217726331,7.5612857535001545,1.8483990584966292,0.13808617031638712,-0.6138854495684999,1.912931001317371,4.5279312859524765,0.018466333849079072,0.06437596216312222,[[286.50397734]],[0.06514797]
HadAM3-7#04,0.4759313464164734,101.10252380371094,238.8921661376953,52.739830017089844,259.19696044921875,287.1064549815223,287.2497199528632,4.81053971667437,2.0418305103835745,6.639771113278816,3.358731268572743,280.6407725803136,280.8101370279512,6.895490266125349,2.898624788200519,9.284228446866168,4.458838026081355,18.273694049121605,18.37798742423376,3.182231949183505,1.3201432614664195,4.48376830601496,2.3480225932057195,2.967363835127315,3.0266239810464923,0.44014902861837446,0.13047327248916585,0.4697048400295496,0.247336107877413,100.10531544467297,99.9131753939827,-4.555289691817203,-2.1471492703441974,-8.1464734008898,61.570102574140016,241.00122322314346,241.19372785600382,2.5779838069177083,0.8701659355725557,5.5709126215125,2.9756853405327948,0.31326113687115753,0.3128965547011584,1.9773058848994947,1.2769833347716426,,,1.4184563059277115,1.1020488869989442,-28.50155764755988,-28.4270774903618,0.5588495789717814,0.17493444777269712,50.648364213085856,50.49405804601993,-2.8415009662271524,-1.290305440360088,-4.101012688158,-2.3015359643738407,261.95661680717063,262.18576771360466,1.42304466029944,0.18825655336114377,4.645306672757328,2.4441513862389046,257.081500823388,257.20886267948816,5.675070961811018,2.458361940824208,7.638134066210669,3.808318776275573,48.387215712850654,48.43599814958724,-1.8319843016870148,-0.8060400923694342,-2.6858028699022922,-2.017039858436282,-9.958340868378592,-9.536248681675161,-1.7456366080374595,-0.27324310723276873,2663.989673545882,42.09526593595392,281.7600120851008,282.2048578561333,5.143124111396963,2.1373918672851224,9.809471484915068,8.26190885383465,25.73608540514678,25.94274639462957,3.541024513186072,1.4595880172517375,6.688061960881273,9.233120850772396,32.14688244166324,31.071247700134798,-15.210795147765376,-5.6897298032155605,-24.45183069682086,-13.54469587319373,17.73292614965622,17.08862446876636,-11.19361434115842,-4.768134480123091,-17.07697659601797,-9.657557926663255,51.377860721647295,51.16497564698864,-8.689160767366527,-3.530906790205082,-15.869975434357864,-16.479948722025323,15.58218136548957,17.3483276566781,-6.723717470688088,-2.202412929516391,-13.468450837525708,-9.943057550492464,2.2875356661572357,2.2951944403041518,0.08196827013419507,0.05960188736144128,1.115297502856373,0.5801523383697917,0.0016897519872612957,0.0016750884653271916,6.816990968842348e-05,2.99969687495707e-05,0.0020764308232464456,0.0025854790957250133,40.62999408728528,40.43102714515789,-2.262780558351539,-1.4034632205115405,-226.80198311537123,36.49372785173542,0.5103874434037688,0.50986926266263,-0.023420620436742586,-0.011984062640236857,-0.03764988546943656,-0.025239745084076854,3.586398435072811,4.011376177733668,3.358731268572743,1.067783680293307,1.3374274234290728,2.897950362836099,1.7950827867957042,0.6884480722367128,-0.7272991065023969,3.890997651431336,1.9444364348121608,0.12037852630233213,-0.6070090113830876,7.479136133829923,7.674363223691392,6.639771113278816,1.1264147522905523,1.267185965143513,5.535435042156217,1.689132125880233,1.9437010916737039,-0.5627173735896811,7.567491078292849,1.8590486956099028,0.10687214539854331,-0.5918627304663898,2.0409576257768576,4.812181621279039,0.029720388330073042,0.03147954801194402,[[287.25603744]],[0.02105385]
HadAM3-7#05,0.7938960790634155,99.85443878173828,239.822265625,52.84638977050781,259.7913818359375,287.3965888706197,287.46870811428965,4.9748037416574284,2.033765428964979,6.791489944967115,3.167578883985206,280.95939023744904,281.0812994073761,7.11396365783519,2.8513491226964875,9.447373545171615,4.263918967484979,18.589177034284706,18.61379164457901,3.2978161227721596,1.3221474411678604,4.593030253279858,2.1719861888509686,2.975124829820679,3.0358179318139835,0.4481478250977327,0.13965634886529435,0.48397680882265093,0.24892438614215448,98.53261821155043,98.39483072716394,-4.141737598713973,-1.970974363628196,-6.914228522399085,-451.1287864278188,242.59091310039963,242.70905155619442,2.078462210897959,0.7003450787205389,5.085097379046448,2.620705687353364,0.2962684927375222,0.3159175213294432,2.0632753878160135,1.2706292849076566,,,1.5501883290401386,1.1668371993579956,-27.287366261202084,-27.244650848034773,0.5130870587758753,0.10379208554966146,50.69273546034418,50.58836808890917,-3.027456532457122,-1.323081255571624,-4.272239001886909,-2.2648896816313298,263.14342959040385,263.2708633464143,1.4772682034169844,0.15624405621362902,4.734638389903062,2.1968260034663114,257.8150473730656,257.8198279304114,5.757002065811889,2.3833471282503234,7.76359880463611,3.6297352225191033,46.71257157876361,46.688803957580895,-1.459230208052071,-0.8095849872001156,-2.845785187784394,-3.1304189853058686,-10.214249906201596,-11.46331632013131,0.3770410030726613,-0.532750463036791,535.5173171131839,92.1988965717787,282.01532266659035,282.406894951331,5.203413010338235,2.112246548371575,9.523924159441343,11.519329139282352,26.41125501472377,26.25022177757107,3.730613467824273,1.1633520957715353,6.798394235190431,4.934305691844832,33.01234408096978,32.52996292647407,-16.1491221946392,-6.268566416220265,-24.74377508553365,-12.888269763071408,18.27160861528455,17.88428636999606,-11.872765719537018,-4.916399961944416,-17.55194776530861,-9.08294534234833,51.710029576146766,50.934422826569374,-8.5266478743966,-3.296962761286038,-19.694916938914282,-37.02654604130721,15.476749461802674,18.060523330343937,-5.84079667533462,-2.4568155092447617,-14.336278328648431,-11.46046338095053,2.2498292412534524,2.2576314697400512,0.0711222705034384,0.06472272329298122,1.2502430601173695,0.9082777323597021,0.0016459680974112382,0.001653127947598641,1.6704920971976044e-05,3.41271006739137e-05,-0.0023604281217771725,0.0008919262469348416,40.04839170610763,40.305503558896426,-2.8722795987026504,-1.0635707218294712,-8.745165007057977,43.76770392981107,0.4694159454405936,0.4689823636071741,-0.014338350050811617,-0.009503404742832391,0.09526941531225631,-0.030446861794397217,4.09312622343915,4.006230528161107,3.167578883985206,1.2921939352902525,1.3160983703629534,3.0132710049321467,1.778331994626342,1.0798552185070034,-0.4861380593360897,3.937737345841659,1.9621913606540868,0.06849318231944784,-0.646092990291134,7.536249430602482,7.530132611960262,6.791489944967115,1.1096606917878569,1.197833260757352,5.478694822714493,1.5557860818566693,2.0575546078879836,-0.4461253900688132,7.445826821228824,1.8009601626579874,0.08430579073143767,-0.6031269019006356,2.0339600820593797,4.976319934483418,0.018160757807204674,0.052279092252119894,[[287.46749434]],[0.05303927]
HadAM3-7#07,1.1771236658096313,99.63760375976562,239.6558837890625,53.01792907714844,260.4810791015625,285.8796089386726,286.02289922193285,4.682948650662706,2.022497685286732,6.415220216091749,3.21733832666039,279.4821762602331,279.6774011452105,6.924879281102158,2.929642765237549,9.120243517709058,4.413788535533048,17.438453294895705,17.52713555288943,2.9348785215005067,1.246664626529414,4.191398682554588,2.146075233902956,2.721504156517357,2.6957496088204604,0.4184075135104306,0.12889184749900515,0.4164131919360003,0.21981920803336122,101.41685782398277,101.26401050349789,-3.2350272856622477,-1.7408660894887684,11.069438224806252,0.5819581647273755,240.2287101428846,240.43346919817904,1.337358863745872,0.5463920115049976,3.7434357433614913,2.184876713699425,-0.22576816217970624,-0.277679896989096,1.8976684219163742,1.1944740779837701,,,2.0275273119967205,1.2863811944874066,-28.1103182277605,-28.04446099405642,-0.1298588900803473,-0.09190711650363725,52.134104975206185,51.99193900589475,-3.102890738649635,-1.4921245293530807,-4.33106348896357,-2.4473329257527237,261.40114476390073,261.6610797017255,1.0753634266529137,0.20574333486567434,4.116999581428402,2.2477937431860733,257.1908781763826,257.33033166120345,5.425740916301686,2.3841189207319466,7.400711159380728,3.663684461423522,44.06171680660586,44.07480431430551,-0.9836507715164802,-0.5751913297499265,7.501617426751044,-2.2033957060447666,-10.806374380263847,-11.05660728587142,-4.92392760403335,-2.616777758569769,36.10953229955797,15.980122118979061,280.2861343154381,280.3939865829096,5.453315317174704,2.5369405971703176,10.422380528500742,6.2155771887210465,25.361116216994315,25.509866995380168,3.717870274096635,1.246933122586151,8.217422513314379,11.510940402947067,41.99516446146241,41.35269354527346,-13.756739221710546,-6.429352335847701,-22.558962957597185,-14.613745960471809,24.63075425218366,24.20969802873056,-10.621724113073567,-4.738659214760678,-16.07307767895226,-9.060805412187866,53.845197675292106,53.77240327639698,-8.28902117042414,-3.3996659285633903,-46.60555455070667,68.42286826159469,17.996096222772128,18.879761825530853,-3.151504941898654,-1.338201460327594,-10.204624728735636,-9.779597988734695,2.0682052459643585,2.069823959753404,-0.019823232738473025,0.043176011618490454,1.6993660616842297,0.3592975945199757,0.0017197177941221818,0.001725571716839919,2.875941778188446e-05,5.073225605903365e-05,0.00032819595649769364,0.00023560839414199104,41.99697684222166,42.003107635177784,-2.841882382979858,-1.0918671990956597,-367.27937667609365,1.305741029655061,0.4743745530945037,0.4737665878023693,-0.008317472519039098,-0.007558791858140927,0.005731394154675507,0.029042061005174147,3.6898952654099664,3.8513070452309988,3.21733832666039,1.1468782237894428,1.2139286639068383,2.671484151565744,1.5446966243216216,1.0184111138442216,-0.3978184005321791,3.8127971659245357,1.932745681323729,0.038509879306463324,-0.7188170174168904,7.165142949883095,7.713070392535481,6.415220216091749,1.1168974265155018,1.1930110805432754,5.025248611886108,1.356977363200905,2.1398943379969855,-0.2400799366854041,7.448165927174648,1.8126615859031379,0.2649044653608323,-0.6196505053598627,2.022633577886519,4.685990474800489,0.040825386662117394,0.09490016410487513,[[286.03487228]],[0.05383092]
HadAM3-7#08,0.896328330039978,98.03662109375,241.53765869140625,52.93213653564453,261.4322814941406,286.9067396960105,286.8742435602068,4.673679087884649,2.018287388184043,5.9538262178756245,3.0182321509238714,280.6434295148323,280.5791371009195,6.770809196387612,2.88783617437189,8.397269072632929,4.106513865145474,18.177948699877412,18.17075894575689,2.9912882593484884,1.2776797133588649,3.936899598900313,2.037203348661213,2.86564525652301,2.886260311202697,0.42088067748742447,0.12710060624442251,0.409773073554864,0.21459752832673903,97.9642955730318,97.9332010634753,-3.4396373397457536,-1.8648047138461612,-58.719905972241094,2.0266123990216287,243.40515273310214,243.41503899895113,1.569985437268909,0.6454409695597002,3.5977646071699043,2.2285296120377414,0.05035149855374993,0.07155974226135259,1.8696519024768454,1.2193637442864618,,,2.1558414317102415,1.2349146109011886,-26.2149100634132,-26.178084592975004,-0.28618952923339547,-0.015550866614726917,51.236923918605584,51.28409647842253,-3.011677041261325,-1.3584057228250748,-3.841361774187052,-2.1916961968334903,263.9176143241151,263.8860589910288,0.8558356095510848,0.12349111192388634,3.1379118532888874,1.847231188594286,257.6481271129969,257.62363898431295,5.177813063172171,2.329051373990747,6.632688990921328,3.3780283254399674,42.45762452724341,42.41112058749507,-0.9586756520679212,-0.6062996794823041,225.85998984434738,4.035483529774625,-12.22564104991795,-12.709439026589799,-2.2869041992812957,-1.105619843629924,113.82297097237267,-39.53761712519274,281.95232971214415,282.0398475767986,5.235243413808584,2.3428241602777113,8.249220940622454,5.788607473951951,26.00630260483065,25.86591178663536,3.0650678852156297,1.0993743593175653,6.841416331923192,9.635779767616757,36.572234467036665,37.14922925166075,-15.366098962770597,-5.731278039302034,-20.078165132673657,-11.6052563456236,20.94940909149744,21.070800210457975,-11.850195151539642,-4.8150902544168765,-15.726246261943986,-8.884320943982095,50.74901283237038,50.91439823873983,-8.803733653428496,-3.9093076705789125,-16.377730849152936,-13.400235897614383,16.545704915403196,17.462922703333398,-5.104088517550826,-2.0707227561181414,-10.344908544263879,-18.2811047506424,2.1290404122620155,2.136494829339606,0.019402976321936646,0.04151782883313689,1.709244231126952,0.5330155116726172,0.0016986192129026607,0.001710604397775663,-1.877432139886256e-05,2.93359473183553e-05,-0.0013504654624575568,0.0004818071683114949,41.53552148890411,41.674505195951056,-2.7962938835663635,-1.1721281457530681,9.239853292697362,3.8910085780794472,0.46317556768776486,0.4628232086784477,-0.014023882549625586,-0.009258805032602728,0.004688084707151943,0.048161482642421906,4.13091211914589,3.9228934047843205,3.0182321509238714,1.3686528777719866,1.27141143366794,2.825568765772873,1.6798324069637185,1.3053433533730168,-0.3111795291917317,3.832131598011657,1.911521134586591,0.09076180677266413,-0.6401097009186509,7.926564112193635,7.764581889018368,5.9538262178756245,1.3313395154858751,1.2101483361948377,5.529541220419643,1.5339925142752957,2.3970228917739935,-0.20265299878942053,7.664011976592483,1.8231460129862755,0.10056991242588538,-0.6129976767914376,2.0144709455311953,4.680914710144423,0.04012443877643576,0.1044544718927152,[[286.8697527]],[0.05828409]
HadAM3-7#09,1.3518635034561157,99.09685516357422,240.02188110351562,52.79106903076172,259.7967529296875,287.37836370710005,287.42799081911886,4.839779116169853,1.9939285057006049,6.317147774011478,2.972554032865683,281.0502292232353,281.083580290598,7.023557703414238,2.845705163348275,9.041949529403515,4.154652703091934,18.50798180308189,18.558181927750844,3.151500425727329,1.2736062818504756,4.187433101540801,1.9894962176360809,2.9641121960568806,3.0249257380721635,0.4388544043519731,0.13302623097641725,0.4532133471983378,0.21851389923211043,98.2935953852154,98.21503520110693,-4.087375032187447,-1.9305084342065595,-6.043563449693175,2.3659534324056537,242.8269774644457,242.8933908171831,2.134306314702489,0.6565901313721694,4.587093590587635,2.3381886603111406,0.29922695502656016,0.311373786397782,1.9530687174849597,1.2739183028343908,,,1.5649299224625846,1.1626642752107343,-27.252677261312137,-27.215123730403526,0.3881387950223749,0.11125402762365608,50.63019774653498,50.58195943919051,-2.917961052555179,-1.2586536686784362,-3.9116709523461877,-2.019268881537318,263.23769784181394,263.31134284869586,1.3530311300925955,0.09598939346770226,4.046995380602897,1.8502383747108413,257.75132192615916,257.8131049413766,5.553376939468013,2.355302683623526,7.285124151905714,3.4031707126341217,46.43869617423896,46.444877890773384,-1.572139214346747,-0.7265090892828774,-2.8300073657612757,-1.7741213981717805,-10.647640444701535,-10.560331590147136,-1.2747003029914308,-0.46526651612747544,-226.80273294581485,-38.26264672842212,282.1168384822914,282.3649690197442,5.47123761457913,2.1277684811051203,9.105989473917443,8.705142117490771,26.291291910038634,26.26168035182753,3.573960201790393,1.2474779405778096,7.209156668572215,6.424528979581818,32.58853166568372,32.56884439674342,-15.540194388271903,-5.584054294952292,-21.55152315642033,-12.39867634532085,18.1197618429652,18.01811017684458,-11.593617176220224,-4.777058477670078,-15.836486477139774,-8.647786025595913,50.903509554425156,50.75149663519614,-9.157709736195205,-3.4004867637063505,-20.43430773772045,-11.16378406862436,15.673640726654707,17.64706514413531,-6.037529903795499,-2.1822378404793605,-14.770644048798255,-12.928512392478082,2.2573391233237485,2.268707653997325,0.04914185306423898,0.03902605863470148,2.529523870200329,0.705522198996394,0.0016914305483795807,0.0016929582321955593,2.3265278047525442e-05,2.798804688061904e-05,0.0016708187971516246,0.00033885974844341527,40.61623431326768,40.73283770389323,-2.6959050151189494,-1.2679882367643618,12.63712198699727,3.3589228148937105,0.49888242869034327,0.4984780679181099,-0.018974184997568314,-0.011113281506202683,-0.032397070418330766,-0.0247184281109545,4.227774532960776,4.1889046583375436,2.972554032865683,1.422270036546653,1.4604062431530773,3.2644171747009745,1.9284897140056407,0.9633573582598008,-0.5062196774589882,4.059866824208016,2.041207731207339,0.1290378341295283,-0.5808014880542615,7.690575865926581,7.858988287099349,6.317147774011478,1.2174126901962523,1.2911661146816693,5.74957279487132,1.6438340485158334,1.9410030710552604,-0.4264213583195816,7.704009511935976,1.871627984945614,0.15497877516337308,-0.5804618702639449,1.9920710918143578,4.846024997653545,0.02912772612408791,0.06876247267795281,[[287.42693386]],[0.03853018]
HadAM3-7#10,1.2892615795135498,99.27490234375,239.90643310546875,52.825904846191406,260.3294677734375,287.20172784541677,287.24380072636404,4.849688466045111,2.0293568415610554,6.025897012816789,2.96942093874404,280.8967279506306,280.95667746229316,7.03617395006718,2.9641491255709296,8.666304758889556,4.134242146406131,18.379511132125486,18.400232093043602,3.1650113759244483,1.2652201129913125,3.9800645467310325,1.9616435025932493,2.9288740346282776,2.981525847822068,0.4213845808016258,0.13186064736618583,0.4198849906744426,0.21801628407646137,98.97021241206794,98.83499392311408,-3.6187389478179455,-1.912949656849632,11.257237909206784,2.5441889588897095,242.22347838412654,242.30527591671895,1.8276872174491774,0.6756418018525276,3.6173456550347494,2.196001994084992,0.22610900849321225,0.27952996485459336,1.7910517303687672,1.2373078549971037,,,1.643806222898581,1.1676473275677637,-26.97758657979762,-26.90976331078734,0.14724550747018605,0.06966052742933991,50.87318270277653,50.81172649207718,-2.940720777815116,-1.338051711952911,-3.7797134403273716,-2.0972670729050553,263.34292151362024,263.4187800369686,1.2969145549165337,0.17040438438514677,3.359914197862189,1.8484700311530096,257.8677768333963,257.87039017034874,5.587953419816615,2.342727222356172,6.9603401165014915,3.379836375855619,45.30320929911228,45.31808560368776,-1.3361693601773716,-0.7503528325271542,-2.85304157717789,-8.046200350193478,-10.566019375440158,-11.849905248998349,-1.380296764782291,-1.2190047593590427,43.433927890304965,-141.77718916688784,281.84511120400293,282.3094401616647,5.351622476034581,2.5157931442806487,9.319901095020235,5.538721072203388,26.273732455591052,26.261245603836795,3.6268479083759257,1.064612473166954,6.498396192570589,7.206409558834589,33.98983420360127,33.7290888766515,-14.760956483238868,-5.490904825810686,-19.80232124148333,-11.005014749527382,19.267750932591884,18.935747196288833,-11.303564284473,-4.811458403641311,-14.885298704298046,-8.477849714685226,51.42440522865032,51.19441869096431,-9.211698525589838,-4.146041098280793,-18.524423749280267,-18.157354876475825,15.773113754174709,17.330910472987856,-4.826396827016939,-1.7670855916914352,-13.864965236157136,-10.250609343145296,2.1910182711113544,2.2019874483828157,0.025947762157348148,0.04224675293072777,1.1178383450666471,-0.8391965336284746,0.0017001943727271616,0.0017039299923717088,1.9018787095235763e-05,2.964117273472155e-05,0.000634511421927989,0.0004486633041517809,40.87527278425022,40.88834824925037,-2.459730176184994,-1.1109828106085389,196.93535281849256,94.21713493597888,0.502497442544757,0.5016236561102755,-0.015131469402969656,-0.01094041979264735,0.022849148796672897,-0.03995168664396785,4.105456692933349,3.89061216222512,2.96942093874404,1.3825782122590582,1.3201423714370035,2.7350632730271927,1.66057783149128,1.3703934199061576,-0.2779996192322213,3.8429545325478682,1.9450869650979994,0.04765762967725039,-0.6249445936609958,7.9851543398715865,7.6427447526019705,6.025897012816789,1.3251395307433156,1.2235317801396044,5.2712057093766305,1.4718678779838548,2.7139486304949547,-0.146728347240539,7.544677619277332,1.8194287547087609,0.09806713332463701,-0.5958969745691572,2.0273923018214477,4.85770505711273,0.025657233283150595,0.06802375157273778,[[287.23935152]],[0.04283028]
HadAM3-7#11,0.8754657506942749,97.84066772460938,241.75448608398438,52.893280029296875,260.9491882324219,287.3476265270437,287.3315844320253,4.936148316470021,2.1158517624573845,6.150679091681719,3.034508595323244,280.9170978493137,280.8858288169355,7.019468382027178,2.976654478535284,8.60653240801705,4.201659427151262,18.619203749404896,18.610485334930548,3.252614113031865,1.3544976044134256,4.154160204362102,2.0343647102142293,2.9404227668799625,2.993466481710829,0.4450889107828787,0.1386662917139154,0.46085230778152225,0.23587187283267189,96.73832111508547,96.71071523228287,-4.303931456675947,-2.1694223030890742,-6.118601419512641,-15.358449894530821,244.46815719364403,244.41128182971593,2.3773611766579665,0.873029791791292,4.591058323938074,2.703151122697626,0.21332149595814187,0.29780274268880946,1.926570280017979,1.2963925112977814,,,1.611086836607182,1.106619594429611,-26.035515338829214,-25.998774873601175,0.3154834434107975,0.1897729168681708,50.90503009639197,50.904358440405346,-3.057052248289952,-1.4098080787682232,-3.8306752992525874,-2.1079056695589156,264.2659328735084,264.2188637479923,1.4459654116827692,0.30318848433861195,3.7617753308459427,2.11327425150777,257.8632229726453,257.80481815871644,5.53821970432224,2.409894359011756,6.960671925682899,3.407853565057503,43.812081856922816,43.889797761953616,-1.2300287120523234,-0.6011055992517393,-2.73045280615586,-2.3939961221892743,-10.963069732142147,-9.252001810424341,-2.4363554407592107,-0.27523895944669763,-104.18823134220278,54.82926744794273,282.29464621507026,282.1268063722353,5.541440833133794,2.1814371552767433,8.464393086888391,9.502546727542635,26.435067554849624,26.444940506181236,3.1420480320765907,1.3285456670034184,7.084043616130106,5.184375225008825,34.28127135863316,34.31714852677609,-16.056296139931522,-6.418081736055768,-21.032617779353966,-11.966304803863759,19.368831290087805,19.317933297494683,-12.22907298142073,-5.325983294239023,-15.576188149662668,-8.746593531182679,50.99237559182981,51.36268585439613,-9.236758551198092,-3.6804934381497043,-15.523699167220723,-28.164341222909094,15.92950988471328,16.202554180336307,-4.892088130203751,-2.7137919782207502,-18.407145265969984,-13.561062607483672,2.1666830269211292,2.1545094650838412,0.14371438066745812,0.0664233878077021,1.1388187705644068,0.9023366728073355,0.0016560701102654543,0.0016483398287893483,9.341126859818488e-06,2.0679181876609e-05,-0.003939638496312189,0.000487810787370961,40.57505912748984,40.351389860116896,-2.310082794256785,-1.3680954432449906,-14.474396903971632,-139.1291467193365,0.4363978183572968,0.43637907683495203,-0.016551159064366393,-0.009798417409872407,0.419388431807705,-0.09455264022380484,4.3757531370200775,4.11656081002381,3.034508595323244,1.4419972788226558,1.4099601069596763,3.223708992290895,1.9305744477857476,1.1520441447291814,-0.4885771689630917,4.083722336448041,2.046984745936132,0.03283847357577049,-0.6370246389764559,8.17214948410631,7.812597414598937,6.150679091681719,1.3286580818626126,1.2773632455821007,5.880581396539487,1.7074290168898516,2.2915680875668207,-0.37877093502723946,7.721072403161606,1.8751318409839663,0.09152501143733262,-0.5977685954018651,2.116371172024655,4.937731812917273,0.026897502741322816,0.05539438845411699,[[287.33208714]],[0.0893078]
HadAM3-7#13,1.1967674493789673,98.18534851074219,241.09457397460938,52.87738800048828,260.972900390625,287.19640383166757,287.1646393511478,4.648504001945106,2.0342459258186585,6.111812466870607,3.0545445888329295,280.9376726348654,280.8552454905281,6.756990576664551,2.8992960990491587,8.672134345430361,4.17925207367952,18.390821083171204,18.381412308390424,2.9850080290179792,1.2925196095423863,4.073980329538232,2.087566179607628,2.9171945622198754,2.963033009004262,0.4204464460856905,0.1298430742454476,0.4347783244034013,0.228082604018609,97.75274154902277,97.74675545740558,-3.735893331790582,-1.91442924936071,-9.126253095227357,4.025626518848239,243.47933653996657,243.4663225943384,1.7804336959030564,0.7129728955915297,4.145852112733792,2.5936279931713875,0.1877217156983022,0.20672175294360934,1.9554596358875247,1.2014563537691805,,,2.0399237029776076,1.1683026590288514,-26.24415389946015,-26.233482218157214,-0.0844640670900825,0.03315369474032934,50.97600212174754,51.00458977944827,-2.9694795377907814,-1.3392698488376205,-3.816324718807782,-2.1095060310441407,264.0119220677817,263.97500605413865,0.9295558348131736,0.17096718980876902,3.581740876241073,2.0481407843358874,257.82229216811197,257.7857812178885,5.1845508006996806,2.3426806208547344,6.92850252150838,3.4190599552283025,43.71467386817563,43.66861734400254,-1.200732797974556,-0.6180539292299816,-5.52590773997461,-2.177461851905377,-11.107915783049664,-11.154791017586676,-3.289186570857905,-0.7960339774044587,25.990976979780367,-88.72824341734808,282.0862744242576,282.0411473528285,5.555392992825238,2.2509229293060833,9.980543047112267,8.997322596595113,26.290047484999384,26.242579263041577,2.926300500154587,1.1968968870409937,6.116816161444788,8.337412785909905,35.005364418120344,34.96757826188671,-15.152196858840467,-5.910382510842437,-20.203109590257586,-10.833020966627847,19.797302837249166,19.82080895582402,-11.765110364850676,-5.014423752017254,-15.310884316192292,-8.282290742230202,50.83271906631673,50.92154647406765,-8.763957142708362,-3.5858486555141815,-16.982301284870964,-11.923859709978544,15.903085305115555,15.80535101044886,-4.571130745600284,-2.3890069347489766,-13.848010923175138,-29.7098213809483,2.1729763061257037,2.1677268776336858,0.058700617697333125,0.04152632380773861,1.4505450444153283,-1.5475274512095165,0.001697214406236448,0.0016986762313845488,8.782075751395989e-06,2.5679598855091058e-05,-0.0018082076731652029,0.0004040061586394057,41.05199701096487,41.14504836023046,-2.51023226797512,-1.2398349216865836,76.79954871028607,5.07829800129352,0.46278891377424547,0.4630291498066104,-0.015900294649594804,-0.009381190738740983,0.005574495256412383,-0.10874722096213679,3.9780858858485,4.096346096050964,3.0545445888329295,1.3023499150714426,1.4006951979291538,3.0567008206237927,1.8584697434399948,0.9213850652247063,-0.5561198283685526,3.971930116621104,2.008961028859519,0.12441597942986,-0.6082658309303653,7.784455516422781,7.816140960498582,6.111812466870607,1.2736738174835733,1.249951444727951,5.487226383973681,1.5699771922794261,2.2972291324491003,-0.29630337479585295,7.644831126438243,1.8415080689740773,0.171309834060338,-0.5915566242461269,2.0336938228711974,4.649034842134834,0.01952872802523956,0.03399997702704024,[[287.16397698]],[0.04066546]
HadAM3-7#14,0.3575957417488098,99.2331771850586,240.88589477539062,52.99714660644531,260.46905517578125,285.8369342117332,285.8074808354229,4.532928709283164,1.981932694394711,5.800141104966775,2.9833673019128866,279.3758167485732,279.316514134525,6.628458179638956,2.831063410850355,8.356715121076812,4.161464990277734,17.400524293253056,17.410181790763897,2.828938092385852,1.231234005736391,3.7363555746521855,2.001793173899435,2.7266647427227557,2.7034635417853328,0.4049957451981655,0.1314700899532429,0.4052412287215956,0.200830369464455,100.43057437624007,100.48360439709154,-3.4083117297343963,-1.775112742060967,21.695574841322248,0.5514323858187892,241.21386296924308,241.14747962721526,1.7108363429522444,0.5820494035699292,3.683025812997679,2.0604198803996296,-0.22463754079547507,-0.21128421961908544,1.69747538678215,1.1930633384910372,,,2.074043614905322,1.3220564814704696,-28.4456366466947,-28.44596206180601,-0.3765682281231713,-0.1289931429794326,51.98317276124329,52.02405419024091,-3.0538559241466796,-1.46628389822261,-3.944164603039172,-2.1676921123010606,261.21562793754515,261.16106777225986,0.9798123092413566,0.14422741675214035,3.2290942597068315,1.8262360087261862,256.69359752896906,256.7401298525108,5.1691400418822715,2.3668931073761876,6.665014097976606,3.402953489752441,44.09675178445939,44.09736986916704,-1.1950896926102146,-0.654871135607604,-3.5911045468241767,1.4013524054410345,-11.280912606600689,-10.576339213742541,-3.081804700634524,-2.403808161981848,-726.7193912052142,851.7024641385091,280.57566174255174,280.28943624889956,5.645835560763088,2.2023378691229025,9.829311509232387,7.311871362571416,25.202828644451916,25.287013781475103,2.9658001320027414,1.1658247846221603,6.985849846434179,9.381103307924217,41.078430335745026,41.01337324795071,-13.793340170697324,-6.708989109395309,-20.22607199665196,-12.113836444083002,23.897331733341293,24.26635376105716,-10.874606867291407,-4.826435135318781,-14.293240368559127,-7.658831378514546,53.017482633949314,53.549387043830485,-8.693868753463677,-3.3194231910559764,-18.696104500141253,-49.44613240191598,18.35259087888125,16.81471829076848,-0.903423928165656,-2.397863970971011,-15.886415958467014,-13.168561880746799,2.091474319569579,2.093599202018404,0.025852123381566932,0.03887677357431417,-23.846278460653018,-0.9003110169756636,0.0017034809177018306,0.0016932171157861401,5.786801387488679e-05,4.9043022470499146e-05,0.00046192054372977,0.00022320757939174712,42.01058680238577,41.744832413295356,-1.9480468014507801,-1.026802501063171,5.740827182537715,4.992615752273433,0.4944602799374358,0.49526958227086476,-0.015461658716490466,-0.00898261577625519,0.011330354367681502,0.0055993748209362286,3.694323997114867,3.987722125528507,2.9833673019128866,1.2383067933828082,1.324261606194266,2.912771340250406,1.7220390983539733,0.7815526568644612,-0.4837323049711649,3.8982360462753927,1.9842369096026162,0.08948607925311415,-0.6599753034083502,7.527481526829534,7.800919968696811,5.800141104966775,1.2978100688591185,1.2558910177506686,5.714953690041859,1.628084900826705,1.812527836787677,-0.33027483196758634,7.64460158742685,1.887989035540989,0.15631838126996303,-0.63209801779032,1.9864904435126334,4.524364459907616,0.039510631996802166,0.14359026910982733,[[285.81288045]],[0.0477406]
HadAM3-14#2,1.0246509313583374,101.13986206054688,238.30609130859375,53.552188873291016,260.3437194824219,286.1960042306788,286.2123226165979,4.989774222607462,2.172359615652113,6.811289566585194,3.458326585097011,280.0621250733737,280.10609377940557,7.010063539424832,3.0695817711671243,9.437547806688727,4.740976967374986,17.734658945195665,17.71926403664928,3.114193801468467,1.318985035964896,4.3571223237889765,2.1780741712573644,2.7714381530407275,2.750367170655924,0.46090064616427134,0.13924976246690465,0.46848148946856466,0.22217539139960493,102.49605558234764,102.51671326780749,-3.9841332241483443,-2.062405815998636,-28.4674758586807,1.3227260100911906,239.10487891541496,239.08371842249892,1.9703576195151982,0.7404951021522531,4.365060823203432,2.6322099999706254,-0.18113469307499058,-0.1806318856186797,2.0137756046331465,1.3219107138463828,,,2.6196780431934306,1.5254034138785746,-26.81567982418846,-26.822592711354513,-0.6059024385602833,-0.20349270003219105,53.279674124889574,53.27001770434663,-4.195473223672261,-1.9037980202955622,-5.662167857442672,-3.240521361014351,261.5055805486846,261.5078212746052,1.5757951804788304,0.37839460641698863,4.644121846409635,2.579953859824908,257.2914054984816,257.2716512634182,5.436340692625569,2.4415441897875807,7.448570581502697,3.7126010020057194,45.25615155508159,45.252869111693805,-1.2733640507578863,-0.6596546129171965,-4.210884937827654,8.908972304473677,-12.110046079419304,-12.714770334134023,27.153936749154777,26.35147539301879,93.74295831315987,56.56298842116228,281.68547028616143,281.52775676583184,5.780305652673896,2.325099249270238,9.561123475908028,5.325003379683892,25.432400331355712,25.43539720568197,3.0686214760205774,1.3546684823302098,7.276597065343715,4.555412565983356,42.84609793177225,42.75671024915889,-18.034790950527277,-7.695847207407478,-26.79099721652633,-17.375594889729186,27.873272613200985,27.656345677629368,-14.825237008982846,-5.791606029649491,-21.142511528731422,-11.778842967970968,51.659057080757925,51.813897081133774,-8.55211049323929,-3.8464937494956244,-19.880528085952918,-73.36046310252136,18.318201167368386,18.383807842560895,-3.2007137996255812,-1.8393575587753646,-14.854353831111824,-9.163851988564222,2.1492142269273633,2.132301991318361,0.03586806097501778,0.02857032288247557,1.969064712429936,1.1653001645945165,0.0017896404780137847,0.0017862848379933988,3.688824968522474e-05,3.519358383029414e-05,0.0007803046340630545,0.00024081835341149675,42.00259258454928,41.87728261100034,-2.4664487617151325,-1.4915065972925714,-10.854524661723987,-17.104194482023907,0.5252582053113253,0.5253008773405013,-0.016843663646898932,-0.010260044548768108,0.02466114028083059,0.010907202268025773,3.7011421652093417,3.8532904480385826,3.458326585097011,1.0702118710126156,1.028901990320989,2.587357507191893,1.4975634012370824,1.113784658017448,-0.4273515302244673,3.7619212200679453,1.861922759448099,0.09136922797063651,-0.8330207691271104,7.206262976879852,7.592615380357457,6.811289566585194,1.0579880515185138,0.9944825249345789,4.9533307230496035,1.3611006931114455,2.252932253830246,-0.30311264159293205,7.4716080231137125,1.7905330910531256,0.12100735724374433,-0.7960505661185464,2.177417535493663,4.979310401481591,0.03289324505488461,0.07126128052193006,[[286.21649222]],[0.05674437]
HadAM3-14r6#1,0.0006415620446205139,101.24149322509766,239.22845458984375,53.36753845214844,260.0454406738281,286.8809023455658,287.025000654877,5.374686630107847,2.331336183969305,7.7761038296216105,3.9595804503253715,280.6869895870857,280.8551982856386,7.32416100290522,3.1552272513012305,10.2759510118924,5.0436968051967845,18.110923240474907,18.201269558639808,3.556737533609315,1.487113625667246,5.346204177298122,2.773456046952215,2.8893994144268595,2.9159744799113145,0.5183697630570968,0.14936656416961538,0.5594675615497955,0.27921375614147986,100.88688587920795,100.63605290328051,-5.910098761534922,-2.886468766383195,-8.499664114002552,-7.047142459100074,240.40253971716922,240.67065166091103,3.541753889787006,1.3858799524989331,7.733437651334931,4.262973140926119,0.13037420831043367,0.11309524049628011,2.368344871747915,1.500588813884262,,,1.8353941275279557,1.325591134814859,-27.298271514838312,-27.22122124077312,0.53295074421996,0.17499767906940372,52.18292726121942,51.99466974964172,-4.204566887850579,-2.0231331927300467,-6.175371593522777,-3.6306602797318277,261.8082268203195,262.09081357377653,2.369172760322621,0.6975420579151879,6.768637517152672,3.571828293557336,257.11763379997706,257.2502772209817,5.910023482858651,2.583717258888165,8.63615248099016,4.299498215096123,46.87058458234681,46.83960739823245,-1.4307748777232432,-0.7464910170342076,-2.6353503055493124,-1.7045917702988649,-10.358041096218383,-10.627083481158234,0.031672141668786936,-0.07214733363899796,41.736983191557904,59.78692529118235,281.5137098919801,281.8922165776647,6.124591515151681,2.5574953734891928,10.869100209564548,13.046400755224642,25.44780625413372,25.64924468350005,3.5972600862262762,1.3905251244557313,8.274505784241711,6.632603752472869,36.43164458858566,35.2440484641679,-19.592606808720507,-8.315745639919378,-31.32644931998213,-17.698361661288956,23.109490675110816,22.329756695611724,-16.437884107629195,-7.167138621079709,-24.906729618869555,-13.403121660801675,49.99893672016443,49.73630098113958,-9.32752858682659,-4.154885879864559,-18.761147776266434,-18.968329960533616,15.415391559738966,17.900362870828832,-6.903804992612155,-2.243021519960058,-14.18787594722504,-18.009458293156452,2.340089432034413,2.334078195735558,0.13254288132210815,0.08277575170816102,1.1083716621953896,1.482551413987818,0.0017338228070663247,0.0017307555637738011,1.965247299200946e-05,2.4165392097230535e-05,0.0006459989654459306,0.0006042002601619242,40.277970074178995,40.15503566721423,-2.693167585653512,-1.4768016705952653,8.537999570972948,2.8666724950833586,0.4489755805988795,0.4482403050975309,-0.020680069488180353,-0.011241788300246481,-0.030131467146842082,-0.027546826074939593,3.7250917021248005,3.874144078232722,3.9595804503253715,0.940779395407586,1.0531724058919276,3.156342441569962,1.9100300332085116,0.5687492605548369,-0.9692506378009261,3.9626185118114705,1.9469780896349065,-0.08847443357874775,-0.8938056837429788,7.661404845735969,7.676080508080774,7.7761038296216105,0.9852498132228229,1.0829209929578367,5.691977782181108,1.7375650186936247,1.9694270635548616,-0.752315205470802,7.627103783628429,1.8619623504936686,0.048976724452343204,-0.7790413575358324,2.3309905927259846,5.378247326546976,0.02330307208941483,0.058707611492780865,[[287.02776216]],[0.04845696]
HadAM3-14r6#2,-0.06379491090774536,99.23836517333984,241.29605102539062,52.9859504699707,261.033447265625,286.4227431171336,286.47850821008956,4.6456882633706424,2.0484840899224595,6.153649941604081,3.0652288417981084,280.17146440845784,280.26780154753334,6.5729521365720345,2.8906633525132426,8.496650500774209,4.012929785224575,17.723035854742218,17.766380168314818,2.9859830877596227,1.2919488408384936,4.109249189043726,2.165986292405203,2.7978399363134443,2.787564668831596,0.4534666520219226,0.13559485591353904,0.42138760042100426,0.2126237418213516,99.55008115319357,99.53451736956853,-4.248426231387805,-2.188075831787825,-12.386526069577645,1.1704439114642264,241.97322571275816,242.04560729340866,2.2867870964823336,0.8669807164770016,4.731659502431062,2.6650341494973273,-0.10350706126407083,-0.1603248582894428,1.9616391349054707,1.3210951153108237,,,2.1050631589709976,1.3021653076248483,-27.424137830117477,-27.42019705290211,-0.1434240240655264,0.018929807685975353,51.82997856521974,51.786490327350364,-3.2538113334500087,-1.5301605980945066,-4.450351439443679,-2.390570623529985,262.2691904706145,262.3734372827247,1.1487481744790111,0.2279952904696586,3.7953543050579936,1.991073010601559,256.8298415646141,256.91364748546374,5.22294265449343,2.3801138300850715,6.860817034892638,3.498234503081149,43.85387355647247,43.8785317318266,-1.213264346251281,-0.5945227559192277,3.4926076505087837,0.951830119098434,-13.658526165328851,-13.278164026203168,-1.9272317429129064,0.01051216349850165,36.58797141469087,18.897506841856938,281.60029793126677,281.750764665725,4.999176135638267,2.283679728201322,8.191314032020871,8.918506530641231,25.50987589690204,25.86442138602533,2.6292011709748078,1.3366598956730629,7.774254578743684,8.027468827473598,38.914761649994986,38.45386375465803,-15.455078486802137,-6.612676248323087,-23.644614999539808,-11.95510107347652,22.855573588995632,22.79688494890755,-12.491281380552895,-5.296615826909878,-17.26886629054779,-8.479493675258357,50.50140628956796,50.72451208567303,-9.233097565811157,-3.7536851853018947,-17.206141383449236,-642.1462822213068,17.626526474834737,19.097863835111436,-5.922874952417471,-2.3021278410280934,-13.87613635209311,-8.415016400141345,2.1592977434359173,2.1530950443845556,0.0881217876537002,0.03718661708092214,0.5882996879498895,1.967906159989974,0.0018129111664470603,0.0018024145989716655,4.2069136214856526e-05,3.090352973768273e-05,0.0038255194497664644,0.0005455558083377716,42.17364149529209,41.92399720781246,-2.202203888508952,-1.508593274156567,33.640411167163386,4.145284092466144,0.46413666167792056,0.46432307663055356,-0.018373863322445158,-0.010221407389695562,0.012015377154398228,0.007693415611805542,4.209339989887558,4.017722599997668,3.0652288417981084,1.3732547248962648,1.264151760248289,3.0693745753133963,1.8724618898875613,1.1399654145741613,-0.4992071649912964,3.9109048462394274,1.962521745781679,0.106817753758239,-0.6983699855333904,7.823657367189173,7.618163755598544,6.153649941604081,1.2713848596252404,1.1644491386324474,5.567347344186832,1.6865312695516832,2.256310023002344,-0.41514640992644253,7.566424305951416,1.8628152169845942,0.05173944964712822,-0.6983660783521473,2.048831260649713,4.644618710999962,0.04094216595039861,0.041363015308647236,[[286.4807802]],[0.05212601]
HadAM3-14r6#4,0.3441585302352905,98.70829772949219,241.41815185546875,53.270809173583984,260.6454162597656,287.777087928793,287.839970544579,5.4088858880598645,2.260662196021986,8.028347081243417,3.9045895147502185,281.83293900933074,281.90837837248785,7.382973204740824,3.0698274605476525,10.446879610861664,4.963576762340405,18.619440763184503,18.65940537622996,3.6759325562007983,1.4535966474901807,5.631260351943259,2.7047294205874564,2.987529844965646,3.050838950083564,0.5192768035752824,0.14847264563952403,0.6292347512747026,0.32414930463864255,97.27626138978826,97.16245596461185,-6.155116378083828,-2.727302585203809,-9.2198559754393,-7.8134090882690295,243.81375675411817,243.9423762143481,3.603962382195043,1.2623151072875682,8.23951770952328,4.287280322506154,0.32978166078120563,0.31496762572778203,2.551153995888785,1.4649874779162413,,,1.8880642896244364,1.2846354643467417,-26.07881952439644,-26.02822144598629,0.6630897062643477,0.1803520135694989,51.31766422223706,51.25127163141937,-4.235112182675768,-1.8351405577735405,-6.483150495990337,-3.426974363877012,263.69353439727286,263.8253391015542,2.347047893051332,0.5505050934267987,7.054894624367645,3.4809923318295093,257.96592596401064,258.0123221359923,5.840706675507288,2.4573840144479253,8.584553277442076,3.975830558968661,46.50118715499383,46.48382025899907,-1.587976514328148,-0.7240529855679314,-2.6483062623638993,-2.156434435602632,-10.932807998351985,-10.989103145147354,-1.4138308380948295,-0.5752353684225476,151.31142897342232,-50.181787764419596,282.82883089944767,283.0714732125623,6.0918425262904385,2.1906319705804282,11.392923779218929,7.267875108205039,25.851429407215655,25.95519814515021,3.7491446155826647,1.5352471067014828,8.000593459084385,11.783246828290347,33.39165331009034,32.857242308640906,-24.984480294893228,-8.253510707693117,-41.01187594959106,-18.35588007412682,20.02174097224205,19.646834090416522,-17.012653662909862,-7.28156682572905,-27.79469077403502,-14.638578016849188,47.859017041670825,47.64709455197257,-10.246278643077513,-4.093511957607477,-21.8194389382999,-16.683547311714012,15.444630340015266,16.285243936930584,-6.19014724960167,-2.7660112215227954,-17.63430146542293,-16.444668419352183,2.4049078378451916,2.3983526571425164,0.14158550262095365,0.0815677661969096,0.565105430990138,0.44955514013133296,0.0017694780794244203,0.0017716065745092603,-8.831088159834065e-06,1.5110326958074773e-05,0.0013908541774270567,0.0003183147964760258,40.47683524222579,40.328977913243634,-3.0870014869015563,-1.5924767621878502,-20.68849067192434,2.7007901969992427,0.4300018606863628,0.4293073527311955,-0.021504240722627778,-0.011230486713593838,-0.033853926970996956,-0.032667376492987545,3.879256645004371,3.8666559421332916,3.9045895147502185,0.9935120274102698,1.0780504672917552,3.2252131162380073,1.9444145412045604,0.6540435287663653,-0.9509025137942905,3.9116030199404213,1.9233396396862863,-0.044947077807128734,-0.84528917239453,7.311298808891107,7.402627727188688,8.028347081243417,0.9106854418355248,1.0214916976232638,5.787120293123715,1.7600104388313929,1.5241785157673942,-0.8493249969958677,7.527255137569335,1.830397830061749,-0.12462741038064747,-0.8089061324384851,2.2631247854756795,5.40682427301512,0.02126218441705414,0.09938763896264496,[[287.83768789]],[0.07284355]
HadAM3-14r8#4,-0.47499364614486694,101.10134887695312,239.84426879882812,53.45159149169922,259.8111572265625,287.0854136991891,287.1421782696784,5.416670463734135,2.190246007933052,7.182351225099978,3.5845285339123416,280.7655475728517,280.81004947266956,7.361500423580321,2.950310322307919,9.446108474140797,4.743477032705616,18.40207426929217,18.42911581723025,3.571531961574945,1.3942187482025834,4.875341404104199,2.4060630637238893,2.963734806641976,3.008898606849775,0.4961717192758067,0.14315897627286733,0.5298653227529382,0.25525594786704614,99.85185442499044,99.73173149568834,-5.686145204778492,-2.46864317998022,-7.395845654823776,-5.269062924479638,241.3447142026489,241.36951356747463,3.4808139785370087,1.0177725390433454,6.475159302645131,3.4473180040061475,0.22323117704835593,0.31855474152475827,2.2053312262414844,1.4508706409368743,,,1.8641066904597718,1.5031247805012133,-27.155381977890137,-27.136055768337904,0.3412245357817151,-0.05225413956433789,52.10058738336004,51.956176838719514,-4.266072656974271,-1.8803489686418182,-5.71371253067298,-3.0918060579739395,261.9405992663892,262.00901245610555,2.4019659665144983,0.3772241881406049,5.559031589993149,2.859612490506201,257.02656091209354,257.0325027715642,5.847478912445119,2.429439610654195,7.829489605333034,3.955668099381032,48.0793223305963,48.133228644103454,-1.796784285907013,-0.8391790882289241,-2.9873936606175406,-2.033648604534815,-9.408287472054093,-8.843204079278278,-3.050772348309526,0.5149880753999275,31.900665408121544,26.372220152236135,282.45235085357984,282.5530435152408,6.280865764635806,2.43744444065559,11.001472203944065,14.03394027391235,25.457058476807457,25.443436030378717,3.569846504631093,1.4167650301411219,6.4742810940128175,4.585807993548092,35.787797760251294,34.68836053230268,-20.738522209214647,-7.890892130867372,-27.970843212111728,-14.645352681234067,22.87933955727815,22.158756935577426,-16.958720964602204,-6.71636548027154,-23.14473014715558,-11.304388038354745,51.25146701487524,51.61712307280619,-9.719899593477251,-3.265001229122229,-18.76216893070717,-13.809663426873167,14.515774851398634,16.00904923642255,-5.523166202995549,-2.7465084183625397,-14.950146313893935,-10.072183301154633,2.3225073307524307,2.3274023514624242,0.1500710875872211,0.10516413163913607,0.7652931220799154,0.5406774541184841,0.001786444202095892,0.0017812978806041441,3.365707129785649e-05,2.3507226332977852e-05,0.0032099857808367393,0.002482816423908331,41.12579569758835,40.959987000532315,-2.609939641619504,-1.3972430718486377,15.928369490516474,23.82399723027194,0.4713376186225351,0.4711714748294456,-0.023459894666762397,-0.011172578701798792,-0.03639980922545009,-0.028035715215428067,3.9102288010559807,3.873357437533755,3.5845285339123416,1.0908627910371669,1.0440208258074632,3.005384433325124,1.7933953480235523,0.9048443677308572,-0.7025325569863852,3.8726885336399586,1.8857349833391317,0.0006689038937966589,-0.8417141575316682,7.642639595138564,7.399527598166145,7.182351225099978,1.0640860291585335,1.018504421058873,5.5671418211753005,1.6766606168831073,2.075497773963263,-0.612574587724574,7.530017766206598,1.8284691811132634,-0.1304901680404548,-0.8099647600543904,2.1891213034011523,5.421215563396837,0.03365968689532099,0.0898346277369047,[[287.1395544]],[0.04025308]
HadAM3-DFO14#1,0.9747031927108765,99.66587829589844,239.83609008789062,52.667991638183594,260.34442138671875,287.46372937856125,287.5550905168594,4.786150073343032,2.0752700853350223,6.6056756896983275,2.9996079898790073,281.39503597308436,281.46463048736274,6.937265324734852,2.953242807422189,9.249040013376135,4.18973910582721,18.287824530255193,18.367754463283408,3.1622464036002595,1.3351593484667612,4.503052935858135,2.0327540200450764,2.9636881897461325,3.0339950397889406,0.4467758257803203,0.13796892240047334,0.47035608148588964,0.22356897845886867,99.0588753834744,98.88730643985713,-4.503858634445894,-2.2561785905344336,-7.202930998971958,-31.418009198009962,242.0106663291468,242.2343082404584,2.471206374581281,0.971618061463408,5.702929136993268,2.778945354037989,0.35025809206647773,0.2981851243723321,2.032652259864613,1.284560529071026,,,1.6330657000644249,1.0744157277111523,-27.299204847735208,-27.241799017254447,0.39958655980018737,0.21014480135987273,50.544569235785595,50.45043421681486,-2.9409601345519336,-1.3620510628589961,-4.2655520254086206,-2.174370383348728,263.2257676291004,263.4293814462461,1.3078944344875079,0.28763533514784423,4.722310481931622,2.0829791080978217,257.8220236402093,257.9039110271805,5.533544615753143,2.4041199288617934,7.562013459171574,3.3821640388251986,46.324526377480524,46.311366204575265,-1.508659265971207,-0.7259935393239461,-2.512912045250531,-1.7192053974130788,-9.620476455801391,-8.780743597258985,-0.6356720370726737,-1.2898747558147694,77.07262737049078,32.381114805795825,282.0622010221219,281.8265240849063,5.86562962517381,2.173805434509494,10.520311406886336,12.276187474300002,26.074925118395207,26.192065531505648,3.2714054850893266,1.2632835414400996,6.9196395767229415,7.864610472335421,32.54995565841806,31.33376475807172,-15.837193447011897,-6.843877199828832,-26.338677817320225,-13.241045629148568,17.793305535970728,17.13997660523487,-11.564759230654671,-5.396607349527961,-17.859732641900635,-9.267643673948163,48.921753532227676,49.230380833336476,-9.606180283331598,-4.039447462753287,-18.805654471363646,-14.95220042769652,14.887499776758423,15.798111823869741,-4.741198439071568,-2.018645705199974,-12.639758613027045,-13.771491224058051,2.311355894381716,2.303645164323323,0.10203886916775115,0.05117393293970859,-1.5652216156618428,1.6533704974231627,0.0018208716937980968,0.0018251800615990675,3.918471529464141e-06,2.274529358249045e-05,-0.002547989777475099,0.0003177047167621671,41.00193172459908,41.1358964901724,-2.5598818609820375,-1.31143950415327,-25.77006302351949,5.8098682041849345,0.47551863268582617,0.47472021116400254,-0.01924856949264473,-0.011602061106675289,-0.0313604571947271,-0.025366297026244294,4.019119402090696,3.9851362511642336,2.9996079898790073,1.3398815497397083,1.3826961921877934,3.120717661914982,1.9969474566410104,0.8984017401757143,-0.6570659069013018,4.050809084707269,2.080835145769434,-0.065672833543035,-0.6981389535816401,7.1985625229898025,7.6951952375225545,6.6056756896983275,1.0897541540248628,1.2613565938188094,5.675574769079507,1.7357602116699224,1.5229877539102965,-0.6460060576450593,7.6575650278545115,1.887360963452038,0.037630209668046075,-0.6260043696332278,2.077426238321997,4.78582619583214,0.025963020590270277,0.05487899778149544,[[287.55550378]],[0.04588428]
HadAM3-DFO14#2,0.5589262843132019,99.78872680664062,240.1290283203125,52.73480987548828,259.94061279296875,286.5993678820289,286.6218171890538,4.518800698712221,1.9249540012058612,5.718270876697227,2.927850596766114,280.474055510335,280.52342220303797,6.602421697279319,2.8030523299983097,8.070351077827896,3.983692722541781,17.669089181888634,17.679866649134034,2.8546902650934003,1.2015134726964134,3.8262135286585908,2.006085344670207,2.8223777602313262,2.835846200378709,0.4127370283266762,0.12380284120827445,0.42685459723010316,0.22498858909923708,100.4868288324955,100.51314718410818,-3.95549596245177,-1.8749767345399404,191.589740603416,1.807679256028021,240.8852300083288,240.89419880255252,2.2335888610831356,0.6363710051523412,4.216906429318665,2.28218945758259,0.04774096386330413,0.012453818026808304,1.7219071013686327,1.2386057293875983,,,1.883343633825337,1.2608545795106587,-28.835248211713736,-28.84490360906751,-0.1614365324567044,-0.022248850123059966,51.20244453576261,51.19540223923977,-2.989716113713214,-1.2959148664132631,-3.77097488891368,-2.1299097509274145,261.33436609334797,261.3670401383536,1.1063724798878765,0.03506028690260428,3.1533399743043997,1.755000348713155,256.76047443709064,256.82012324481985,5.239624215143639,2.352045371571385,6.637660338268208,3.381167557808218,46.560780000539744,46.56119103557322,-1.5564567477120275,-0.6807356540238965,-2.7010852155718683,-2.0766600868174083,-12.340976944004627,-11.504041493026053,-3.0212731683916902,-0.4412622191708857,57.358710233384684,20.996288133314536,281.5075484997226,281.37917144056235,5.365207282777909,1.9950844654162734,7.85275101095234,7.558212575046017,25.560908565200997,25.843579051355725,2.371148817892549,1.2470285198897209,9.472972354675965,20.170156558245715,36.73676065710412,36.47996685385449,-14.993053016008465,-5.750747608805891,-21.173661063201,-13.693702542162907,20.80708896537769,20.884149537431803,-11.681113051548298,-4.432312444232809,-14.644181797161096,-7.978674222957764,49.83129776942105,49.70677257790247,-9.660420428083748,-3.6164798244749856,-21.037826060340908,13.239066205474659,16.21401494389999,16.7771153598032,-1.7522346000006426,-1.9962277105842032,-10.257794943494849,-6.1091017772724685,2.281843608397924,2.2786686788365222,0.10082970970265114,0.038144116789604846,0.40444392624352465,-0.45785366071444683,0.0017376373781860391,0.001734062468700651,6.290050952272199e-05,4.522535214119099e-05,0.0003048638721544905,0.0001477377171425676,41.40350917096756,41.26012403260375,-1.8526328811240895,-1.3045001156639353,6.0391170408123225,4.474569445341288,0.47782689309512744,0.4782638925674192,-0.017349631399141766,-0.008985295310463727,-0.0637994569291481,-0.0566641703356535,3.689355555703556,3.9226054429920962,2.927850596766114,1.2600901015162944,1.3399649530349356,3.113169863776023,1.9340418530383516,0.5761856919275328,-0.6739517515220569,3.9504871037909437,2.032976002025705,-0.027881660798846023,-0.6930110489907688,7.3139304072285265,7.725671692780288,5.718270876697227,1.2790458103399474,1.287411092305709,5.864030134046103,1.7923951172856993,1.4499002731824249,-0.5133493069457519,7.656168431093168,1.9253599178719032,0.06950326168711793,-0.6379488255661946,1.92883980528339,4.511146944459981,0.030962384320927155,0.09891135547635091,[[286.62745587]],[0.0760383]
HadAM3-DFO14#3,0.646278977394104,99.88087463378906,239.94952392578125,52.808929443359375,260.10284423828125,287.14637671977044,287.23054944330113,4.897956541417257,1.9518299307032216,6.456837073836627,2.8996815837618177,281.1563713978773,281.26973318655575,7.088314790999444,2.780805483439575,9.194903792131802,4.095417611057513,18.039875071074654,18.084415433512444,3.1923295880812983,1.2409364809682004,4.295332394698205,1.9127924254328146,2.8989907571995963,2.941921938474849,0.451601592887902,0.13630396020414923,0.4820060861431354,0.23201378234104822,99.72651093577032,99.51705377825864,-4.473871104399107,-2.0071293683858524,-8.113079294682032,1.5876264132608817,241.5097838338979,241.6857017683179,2.472617675931591,0.6903958291301429,5.147152202818384,2.3618560238528983,0.18350503501934834,0.21704425811104217,2.0012534284675145,1.3167335392557087,,,1.6158778145693953,1.2645042828694142,-27.90399867033277,-27.82584087136581,0.3853756138981189,0.05222925638629487,50.99849085082835,50.87688588676325,-3.202200596290593,-1.3370971036742452,-4.3017480634175636,-2.110239423158833,262.3338052485072,262.5000287884477,1.5863227817211976,0.07259282080483093,4.443509573235243,1.802944871822494,257.51348339164997,257.53201226572065,5.73180927167592,2.320823667984576,7.44782789669618,3.321601475034762,46.99926053747894,46.99420175036859,-1.6448879433527246,-0.7391666122710927,-2.374218884614809,-2.843209414962955,-12.02694390423978,-12.283095352909422,-1.888123836438939,-0.11575218718281093,30.3769437919354,79.49655225421506,282.0648094759482,282.1485539788851,5.637114700182599,1.816489715217311,9.296721664619039,13.740159845740274,25.866503367591015,25.861245184568787,3.5705748933634,1.1894901642350075,7.9893460310746045,7.269982446811419,34.5693844595661,33.7250277198781,-17.21775698215082,-5.8443515659862335,-24.02362384720491,-12.064324362326502,19.691599647230817,19.135809185054132,-12.583908486495115,-4.930267154357565,-17.837980077688375,-8.698430226959365,49.22170143412866,48.936849046164944,-9.56427514005177,-3.6124194965263228,-19.884942788713424,-17.375068511543468,16.54049136522046,17.905900107164456,-4.887575901389825,-2.427007267513145,-15.72293755312082,-9.78917033702515,2.290646414458964,2.2849924135971005,0.09026036798096258,0.04260030674265039,1.6810225760061754,3.389383896566527,0.0017900507706183327,0.0017815567792064085,3.422872742010341e-05,3.0832467600056635e-05,0.000869071977477612,0.0002582421551016553,41.30044790131133,41.1651606622611,-2.70863848562814,-1.3926746789271838,-114.7416818516358,4.7543997189921665,0.4861248150171579,0.485215756437889,-0.01738648124072937,-0.01016585482564871,-0.03728885764210607,-0.17699881406239726,4.318063589913975,4.0683296464074035,2.8996815837618177,1.489150951640718,1.3765241590589066,3.1074977319740746,1.9145020925507297,1.2105658579399,-0.4253511409100116,3.970133549967601,2.0303320778833394,0.09819609643980051,-0.6538079188244335,7.55752699483443,7.758922158295438,6.456837073836627,1.1704689011680107,1.254103131050737,5.721051620664337,1.70001082632421,1.8364753741700932,-0.5295419251561989,7.638424336868448,1.8891131647811676,0.12049782142699043,-0.6350100337304305,1.9559439438515978,4.893034488919019,0.034198700678317095,0.07973799942265429,[[287.22980062]],[0.03444202]
HadAM3-DFO14#4,0.5480470657348633,99.19351959228516,240.73513793945312,52.821922302246094,259.9111022949219,286.9796587729075,287.09541035773856,4.62137337031139,1.9296261003770703,6.354279522465106,3.1902505052541477,280.9676737637726,281.15064252592146,6.711928911189737,2.779272161207769,8.945693192622324,4.376747717656005,17.910197440856287,17.97504774232164,2.9503914394178494,1.2067739082211597,4.221693665279744,2.1404887954182756,2.881662661271936,2.9155610879008047,0.4259275191948931,0.12936816083156144,0.45150830142451326,0.23729808692151805,99.20368531191373,99.08511453396711,-4.057604116054256,-1.8116472555519447,-13.323148551727622,19.285720244912604,242.0589012924177,242.2715081969225,2.0466765870407784,0.5892687533291419,4.948916222671239,2.7292828168096013,0.15721320035624306,0.06317707379828857,2.010927529013479,1.2223785022228033,,,1.970150480007525,1.2865601405207407,-28.34134576477508,-28.25158450483088,0.040777049005954524,-0.06418163829793712,51.09738439908029,51.03597812457307,-3.109945245708455,-1.3255893145126865,-4.242585342582972,-2.2966716862613397,261.82385644047605,262.0690601014855,1.1397947657009313,0.039029173991946664,4.279257134591988,2.3374478464065245,257.2892454692072,257.4422273419467,5.287231263963721,2.287572508922639,7.2906769572603904,3.5485549701973382,47.379173113249635,47.34493115244632,-1.7002479270104864,-0.761200434891657,-2.5373845142745037,-2.2875274888948076,-11.733749180392113,-12.75102084640042,-1.596995037174473,-0.11270818524722354,119.29320562859469,-120.97892821064046,281.8756629616027,282.2021415496645,5.060832658858175,1.9303721535995788,9.074231971592747,5.465888622582607,25.83351069685185,26.04080239334931,2.976092310492205,1.066079621977079,11.145765700452202,6.4944083356164555,35.40850052357372,35.259534033850635,-16.64424823406055,-5.867731745247494,-23.539229621331295,-13.275527356736617,20.286507351173384,20.084292192899948,-12.506068466893884,-4.817664890872121,-17.358466177892982,-9.232451597601331,49.207761743680805,48.97611468270022,-9.284264595990406,-3.3584474390983967,-15.384627879039321,-14.439054135596075,16.14264179849981,17.87042297822777,-3.7126979691410646,-2.0560930663808055,-10.852403854360139,-7.862663098072701,2.305538041821518,2.2814746973696827,0.0711055975516275,0.045344584744695854,0.7357499387270082,-1.074791663141938,0.0018708000638650406,0.001878357948197627,4.37022257611021e-05,3.9372532871353666e-05,0.0006525362581190481,0.0007006148511206599,41.687598780893204,41.54440779801364,-2.2979571448381737,-1.1910972724871225,-38.192410517434865,-13.539472442479116,0.4895919160941704,0.4892319632255628,-0.017544707464243976,-0.009753709690744109,-0.048854335643106685,-0.03409936280974019,3.488171874643736,4.09514044390189,3.1902505052541477,1.0933849454451712,1.3993592117869225,3.0459017191348052,1.8597677057589908,0.4422701555089323,-0.7663827603138187,3.989442882520191,2.044005996099466,0.10569756138169968,-0.6446467843125439,7.101999456341286,7.735094435094084,6.354279522465106,1.1176718668470074,1.2646151396126413,5.84983767425161,1.727367650078464,1.2521617820896704,-0.6096957832314577,7.665216753680166,1.9107390215174676,0.06987768141391666,-0.6461238819048264,1.931136716460134,4.622192388445468,0.030530851236333843,0.04412921770944449,[[287.10035206]],[0.053472]
HadAM3-DFO14#5,1.0093885660171509,99.44882202148438,240.01846313476562,53.455352783203125,259.72784423828125,286.43811437656046,286.52146003758196,5.130320997340007,2.17366958275509,7.172497277221775,3.607837735446421,280.598451541629,280.6558620420903,7.280967518715883,3.007997982406173,9.69473243852363,4.5927199542267605,17.715320093395178,17.76961349595072,3.203045833730919,1.3224884867998568,4.704501436237868,2.4677821533626636,2.766928539759031,2.7446869281763493,0.48190264996782933,0.14120277955536698,0.5127734033941412,0.27133029440963924,100.61561438379891,100.500596827759,-4.698525922143114,-2.2361662050919886,-9.48850081545,18.0344666633993,240.9769679188124,241.0774759293594,2.505328996378372,0.8564665108680272,5.722112792832337,3.0565966165194505,-0.17278249792362005,-0.15827295243070888,2.1931969257647417,1.3796996942239612,,,2.183348755279787,1.5592955355744917,-27.513621740335136,-27.507663549454715,0.009848170484956287,-0.17959584135052997,53.087924899064,52.94377630629485,-4.227542073978283,-2.0408680235960657,-6.07999848012381,-3.5383422521994263,260.9910356632122,261.12663290136885,2.0441933186984973,0.4815724880215746,5.662950569815391,2.905320817340591,257.3059198763485,257.34955154393185,5.749452991520547,2.454090595631344,7.987670771952365,3.833655813089744,46.823681490291875,46.86922672782212,-1.575672866250824,-0.7164461843230182,-2.854438380785285,-1.5115052715018464,-11.93133811265303,-12.333024945161087,-3.778749199543729,-0.7164833820174608,-97.34658559443923,-38.83374226082475,281.53897820870674,281.6388006913136,5.679723415104887,2.1371980013497014,9.707260821611266,6.33059683553516,25.834661419294193,25.684201332864404,3.4827092734256633,1.148402498144212,8.330335259914692,26.113683995066406,43.052298139157166,42.342010256559746,-18.879408892792192,-8.743444047938166,-29.610253631728266,-18.464022312804502,27.39848297101432,26.81693260514842,-15.076586771263806,-6.600890751053373,-22.757371954940215,-12.793944000680076,50.19081267753239,50.15937265223788,-10.6489773576275,-3.9485696881316374,-19.988154145835157,-16.624140729127202,17.444187908302936,18.74461849701231,-2.9581526530003712,-2.22460700890828,-12.370203478800153,-10.266026544581784,2.276761243897538,2.2737946749742806,0.0762162791475488,0.054674281443442004,-1.5279602636126135,-0.7080717218882261,0.0018295076447025385,0.0018296660550974075,5.730420429788651e-05,4.1632053601402895e-05,0.0004751530284023895,0.00024400086584504496,41.33766364159229,41.60285106286615,-2.9115277983951517,-1.2608246425137426,589.2791951678591,7.6628859054833836,0.4699687127296228,0.470035951884471,-0.013962015349871603,-0.008831822525567747,0.08519711898453716,-0.0340339292762384,3.686530194738664,3.9391158869804457,3.607837735446421,1.0218115295261487,1.0732996643957395,3.1864834199482925,1.836673092619245,0.5000467747903705,-0.8148615630930967,3.993777426095032,2.0174974660265597,-0.054661539114586793,-0.94419780163082,7.283374169074817,7.668036088684864,7.172497277221775,1.0154586174894986,1.0447728620928831,5.793924445933909,1.6155622361528688,1.489449723140909,-0.6001036186633698,7.628399199879793,1.8722381326785213,0.0396368888050684,-0.8274652705856385,2.177621538246072,5.125714770621,0.02258180597578684,0.044538027625785105,[[286.52739882]],[0.06679793]
